date,time,location,datetime
2025-04-26,15:18,"Riverside Road (near Junction of Riverside Road and Admiralty Road) [Issued 14:40 hours]
PUB
@PUBsingapore
·
Apr 21
[Risk of Flash Floods]

Due to heavy rain, please avoid this location for the next 1 hour: Yishun Ave 7 (near intersection of Yishun St 22)",2025-04-26T15:18:00
2025-04-20,17:19,Jln Pokok Serunai,2025-04-20T17:19:00
2025-04-20,17:19,Alexandra Rd (opp Alexis Condo),2025-04-20T17:19:00
2025-04-20,17:17,Junction of Boon Lay Way and Corporation Rd,2025-04-20T17:17:00
2025-04-20,17:15,KG Java Rd (Newton Circus to CTE),2025-04-20T17:15:00
2025-04-20,17:14,Junction of Stevens Rd and Balmoral Rd,2025-04-20T17:14:00
2025-04-20,17:13,Orchard Rd (Paterson Rd to Mt Elizabeth),2025-04-20T17:13:00
2025-04-20,17:12,Cambridge Rd,2025-04-20T17:12:00
2025-04-20,17:12,Carlisle Rd,2025-04-20T17:12:00
2025-04-20,17:06,Junction of Sunset Dr and Sunset Way Rd,2025-04-20T17:06:00
2025-04-20,17:02,Hillcrest Rd (Watten Rise to Dunearn Rd),2025-04-20T17:02:00
2025-04-20,17:02,Thomson Rd (Balestier Rd to Novena Rise),2025-04-20T17:02:00
2025-04-20,17:00,Junction of Toa Payoh Lor 1 and Toa Payoh Lor 2,2025-04-20T17:00:00
2025-04-20,17:00,Junction of Lor Kismis and Toh Tuck Rise,2025-04-20T17:00:00
2025-04-20,16:56,Eng Kong Pl (Greenridge Cres to Eng Kong Gdn),2025-04-20T16:56:00
2025-04-20,16:48,Upp Paya Lebar Service Rd (Lim Teck Boo Rd to Rochdale Rd),2025-04-20T16:48:00
2025-04-20,16:48,Jln Lokam (near Upp Paya Lebar Rd),2025-04-20T16:48:00
2025-04-20,16:48,Thrift Dr (near Jln Usaha),2025-04-20T16:48:00
2025-04-20,16:36,KPE(ECP) after Buangkok East Dr Exit,2025-04-20T16:36:00
2025-04-15,16:55,TPE (Punggol West Flyover),2025-04-15T16:55:00
2025-04-15,16:28,Yishun Ave 7 (near intersection of Yishun St 22),2025-04-15T16:28:00
2025-04-13,14:15,Jln Pokok Serunai,2025-04-13T14:15:00
2025-04-13,14:15,Bt Timah Rd (Wilby Rd to Blackmore Dr),2025-04-13T14:15:00
2025-04-13,14:12,Lor Ong Lye (near Lor Lew Lian),2025-04-13T14:12:00
2025-04-13,14:11,Junction of Toa Payoh Lor 1 and Toa Payoh Lor 2,2025-04-13T14:11:00
2025-04-13,14:11,Eng Kong Pl (Greenridge Cres to Eng Kong Gdn),2025-04-13T14:11:00
2025-04-13,14:03,Upp Paya Lebar Service Rd (Lim Teck Boo Rd to Rochdale Rd),2025-04-13T14:03:00
2025-04-13,14:03,Jln Lokam (near Upp Paya Lebar Rd),2025-04-13T14:03:00
2025-04-13,14:03,Thrift Dr (near Jln Usaha),2025-04-13T14:03:00
2025-04-13,13:56,TPE Slip Rd towards Punggol Rd,2025-04-13T13:56:00
2025-04-13,13:53,KPE(ECP) after Buangkok East Dr Exit,2025-04-13T13:53:00
2025-04-13,13:51,TPE (Punggol West Flyover),2025-04-13T13:51:00
2025-04-13,13:49,Junction of Yishun Ave 2 and Yishun Ave 5,2025-04-13T13:49:00
2025-04-13,13:39,Yishun Avenue 7,2025-04-13T13:39:00
2025-04-05,18:35,Jln Arif,2025-04-05T18:35:00
2025-03-24,00:37,Thomson Rd (Balestier Rd to Novena Rise),2025-03-24T00:37:00
2025-03-24,00:33,Macpherson Rd OD (Siang Kuang Ave),2025-03-24T00:33:00
2025-03-24,00:29,Lor Gambir,2025-03-24T00:29:00
2025-03-24,00:28,Puay Hee Ave (near Siak Kew Ave),2025-03-24T00:28:00
2025-03-24,00:28,Siang Kuang Ave,2025-03-24T00:28:00
2025-03-24,00:28,Upp Paya Lebar Service Rd (Lim Teck Boo Rd to Rochdale Rd),2025-03-24T00:28:00
2025-03-24,00:28,Jln Lokam (near Upp Paya Lebar Rd),2025-03-24T00:28:00
2025-03-24,00:28,Thrift Dr (near Jln Usaha),2025-03-24T00:28:00
2025-03-24,00:23,Junction of Toa Payoh Lor 1 and Toa Payoh Lor 2,2025-03-24T00:23:00
2025-03-24,00:20,Langsat Rd (Everitt Rd North to Lor 106 Changi),2025-03-24T00:20:00
2025-03-24,00:20,Lor 105 Changi,2025-03-24T00:20:00
2025-03-24,00:15,Marine Parade Ctrl,2025-03-24T00:15:00
2025-03-24,00:15,Marine Parade Rd,2025-03-24T00:15:00
2025-03-24,00:12,East Coast Rd,2025-03-24T00:12:00
2025-03-23,01:31,Mountbatten Road/Jalan Seaview,2025-03-23T01:31:00
2025-03-20,13:50,Mountbatten Road/Jalan Seaview,2025-03-20T13:50:00
2025-03-20,13:40,ECP (towards Changi Airport) after Bayshore Rd Exit,2025-03-20T13:40:00
2025-03-20,10:20,ECP (towards Changi Airport) at Tanah Merah Coast Road Entrance,2025-03-20T10:20:00
2025-03-20,07:40,PIE (towards Changi Airport) after TPE,2025-03-20T07:40:00
2025-03-19,14:45,Mountbatten Road / Jalan Seaview,2025-03-19T14:45:00
2025-03-08,15:20,Lor Buangkok (near Kampung Buangkok),2025-03-08T15:20:00
2025-03-08,15:20,"Sim Ave East (towards New Upper Changi Rd), from Lengkong Tiga to Jln Kembangan",2025-03-08T15:20:00
2025-03-08,15:10,Aljunied Rd under PIE Flyover,2025-03-08T15:10:00
2025-02-17,16:30,Braddell Road (towards Bartley) after Toa Payoh,2025-02-17T16:30:00
2025-02-17,15:56,Lor Gambir,2025-02-17T15:56:00
2025-02-15,16:20,Happy Ave North,2025-02-15T16:20:00
2025-02-15,16:08,Wan Tho Ave (Pheng Geck Ave),2025-02-15T16:08:00
2025-02-15,16:08,Upp Paya Lebar Service Rd (Lim Teck Boo Rd to Rochdale Rd),2025-02-15T16:08:00
2025-02-15,16:08,Jln Lokam (near Upp Paya Lebar Rd),2025-02-15T16:08:00
2025-02-15,16:08,Thrift Dr (near Jln Usaha),2025-02-15T16:08:00
2025-02-15,16:06,Lor Gambir,2025-02-15T16:06:00
2025-02-15,16:04,Puay Hee Ave (near Siak Kew Ave),2025-02-15T16:04:00
2025-02-15,16:04,Siang Kuang Ave,2025-02-15T16:04:00
2025-02-15,15:54,Junction of Toa Payoh Lor 1 and Toa Payoh Lor 2,2025-02-15T15:54:00
2025-01-10,21:15,Jln Pokok Serunai,2025-01-10T21:15:00
2025-01-10,20:02,Jln Seaview,2025-01-10T20:02:00
2025-01-10,20:02,Junction of Mtbatten Rd and TG Katong Rd South,2025-01-10T20:02:00
2025-01-10,19:23,Jln Seaview,2025-01-10T19:23:00
2025-01-10,19:23,Junction of Mtbatten Rd and TG Katong Rd South,2025-01-10T19:23:00
2024-12-29,16:57,Thomson Rd (Balestier Rd to Novena Rise),2024-12-29T16:57:00
2024-12-29,16:56,Queen's Rd,2024-12-29T16:56:00
2024-12-29,16:54,Puay Hee Ave (near Siak Kew Ave),2024-12-29T16:54:00
2024-12-29,16:54,Siang Kuang Ave,2024-12-29T16:54:00
2024-12-29,16:52,Junction of Sunset Dr and Sunset Ter,2024-12-29T16:52:00
2024-12-29,16:50,Junction of Sunset Dr and Sunset Way Rd,2024-12-29T16:50:00
2024-12-29,16:50,Hillcrest Rd (Watten Rise to Dunearn Rd),2024-12-29T16:50:00
2024-12-29,16:50,Upp Paya Lebar Service Rd (Lim Teck Boo Rd to Rochdale Rd),2024-12-29T16:50:00
2024-12-29,16:50,Jln Lokam (near Upp Paya Lebar Rd),2024-12-29T16:50:00
2024-12-29,16:50,Thrift Dr (near Jln Usaha),2024-12-29T16:50:00
2024-12-29,16:49,Craig Rd (Duxton Rd to TG Pagar Rd),2024-12-29T16:49:00
2024-12-29,16:48,Junction of Bishan St 21 and Jln Pemimpin,2024-12-29T16:48:00
2024-12-29,16:48,Upp Hokkien St,2024-12-29T16:48:00
2024-12-29,16:47,Bt Timah Rd (Wilby Rd to Blackmore Dr),2024-12-29T16:47:00
2024-12-29,16:47,Dunearn Rd (Yarwood Ave to Binjai Pk),2024-12-29T16:47:00
2024-12-29,16:45,Junction of Lor Kismis and Toh Tuck Rise,2024-12-29T16:45:00
2024-12-29,16:45,Eng Kong Pl (Greenridge Cres to Eng Kong Gdn),2024-12-29T16:45:00
2024-12-29,16:45,Junction of Toa Payoh Lor 1 and Toa Payoh Lor 2,2024-12-29T16:45:00
2024-12-29,16:43,Lor Gambir,2024-12-29T16:43:00
2024-12-29,16:39,"Choa Chu Kang Ave 1 (towards Choa Chu Kang Way, Choa Chu kang Dr to Teck Whye Lane)",2024-12-29T16:39:00
2024-12-16,15:18,Bedok North Ave 3 (Bedok Reservoir MRT),2024-12-16T15:18:00
2024-12-16,15:18,Jln Pokok Serunai,2024-12-16T15:18:00
2024-12-16,15:17,Upp Paya Lebar Service Rd (Lim Teck Boo Rd to Rochdale Rd),2024-12-16T15:17:00
2024-12-16,15:17,Jln Lokam (near Upp Paya Lebar Rd),2024-12-16T15:17:00
2024-12-16,15:17,Thrift Dr (near Jln Usaha),2024-12-16T15:17:00
2024-12-16,15:11,Lor Gambir,2024-12-16T15:11:00
2024-12-11,19:12,Upp Paya Lebar Service Rd (Lim Teck Boo Rd to Rochdale Rd),2024-12-11T19:12:00
2024-12-11,19:12,Jln Lokam (near Upp Paya Lebar Rd),2024-12-11T19:12:00
2024-12-11,19:12,Thrift Dr (near Jln Usaha),2024-12-11T19:12:00
2024-12-03,19:32,Upp East Coast Rd (near Parbury Ave),2024-12-03T19:32:00
2024-12-03,19:23,Jln Pokok Serunai,2024-12-03T19:23:00
2024-12-03,19:22,Junction of Swan Lake Ave and Jln Terang Bulan,2024-12-03T19:22:00
2024-12-03,19:09,Lor Gambir,2024-12-03T19:09:00
2024-11-29,06:30,Bt Timah Rd (Wilby Rd to Blackmore Dr),2024-11-29T06:30:00
2024-11-29,06:27,Dunearn Rd (Yarwood Ave to Binjai Pk),2024-11-29T06:27:00
2024-11-29,06:13,Junction of Neo Pee Teck Lane and Pasir Panjang Rd,2024-11-29T06:13:00
2024-11-29,06:03,Jln Boon Lay (Enterprise Rd to International Rd),2024-11-29T06:03:00
2024-11-24,16:43,Jln Boon Lay (Enterprise Rd to International Rd),2024-11-24T16:43:00
2024-11-23,18:42,Lor Gambir,2024-11-23T18:42:00
2024-11-22,15:22,Jln Nipah (cul-de-sac),2024-11-22T15:22:00
2024-11-22,15:22,Jln Seaview,2024-11-22T15:22:00
2024-11-22,15:22,Junction of Mtbatten Rd and TG Katong Rd South,2024-11-22T15:22:00
2024-11-22,15:16,"Choa Chu Kang Ave 1 (towards Choa Chu Kang Way, Choa Chu kang Dr to Teck Whye Lane)",2024-11-22T15:16:00
2024-11-22,15:14,Aljunied Rd under PIE Flyover,2024-11-22T15:14:00
2024-11-22,15:12,Junction of Upp Changi Rd and Bedok Ave 4,2024-11-22T15:12:00
2024-11-22,15:04,Serangoon Ave 2 (Boundary Rd to Serangoon Ave 3),2024-11-22T15:04:00
2024-11-22,15:00,Macpherson Rd OD (Siang Kuang Ave),2024-11-22T15:00:00
2024-11-22,14:58,Upp Paya Lebar Service Rd (Lim Teck Boo Rd to Rochdale Rd),2024-11-22T14:58:00
2024-11-22,14:58,Lor Gambir,2024-11-22T14:58:00
2024-11-22,14:58,Serangoon Ave 2 (Boundary Rd to Serangoon Ave 3),2024-11-22T14:58:00
2024-11-22,14:57,Colchester Grove,2024-11-22T14:57:00
2024-11-22,14:57,Junction of Macpherson Rd and Playfair Rd,2024-11-22T14:57:00
2024-11-22,14:55,Jln Chengkek,2024-11-22T14:55:00
2024-11-22,14:54,Jln Gembira,2024-11-22T14:54:00
2024-11-22,14:54,Wan Tho Ave (Pheng Geck Ave),2024-11-22T14:54:00
2024-11-22,14:53,Mt Vernon Rd (near Bartley Rd),2024-11-22T14:53:00
