datetime,location,flood,temperature_mean,temperature_min,temperature_max,temperature_stations,rainfall_mean,rainfall_min,rainfall_max,rainfall_stations,humidity_mean,humidity_min,humidity_max,humidity_stations,wind_direction_mean,wind_direction_min,wind_direction_max,wind_direction_stations,wind_speed_mean,wind_speed_min,wind_speed_max,wind_speed_stations
2025-04-26T15:18:00,"Riverside Road (near Junction of Riverside Road and Admiralty Road) [Issued 14:40 hours]
PUB
@PUBsingapore
·
Apr 21
[Risk of Flash Floods]

Due to heavy rain, please avoid this location for the next 1 hour: Yishun Ave 7 (near intersection of Yishun St 22)",1,28.653846153846153,25.4,30.4,13,0.010344827586206898,0.0,0.2,58,79.74615384615385,65.5,99.7,13,198.27272727272728,48.0,318.0,11,4.472727272727273,1.9,7.0,11
2025-04-20T17:19:00,Jln Pokok Serunai,1,25.355555555555554,23.1,30.1,9,3.931481481481481,0.0,15.0,54,90.775,72.5,99.3,8,268.44444444444446,92.0,358.0,9,5.055555555555555,1.7,9.9,9
2025-04-20T17:19:00,Alexandra Rd (opp Alexis Condo),1,25.355555555555554,23.1,30.1,9,3.931481481481481,0.0,15.0,54,90.775,72.5,99.3,8,268.44444444444446,92.0,358.0,9,5.055555555555555,1.7,9.9,9
2025-04-20T17:17:00,Junction of Boon Lay Way and Corporation Rd,1,25.41111111111111,23.2,30.1,9,3.931481481481481,0.0,15.0,54,90.225,71.5,99.3,8,240.0,13.0,351.0,9,5.177777777777778,2.1,11.1,9
2025-04-20T17:15:00,KG Java Rd (Newton Circus to CTE),1,25.45555555555556,23.3,30.2,9,3.931481481481481,0.0,15.0,54,90.1125,71.0,99.3,8,252.11111111111111,26.0,354.0,9,5.422222222222222,2.1,11.8,9
2025-04-20T17:14:00,Junction of Stevens Rd and Balmoral Rd,1,25.477777777777778,23.3,30.4,9,3.8111111111111113,0.0,14.2,54,90.175,71.2,99.3,8,256.1111111111111,31.0,355.0,9,5.6,2.0,12.0,9
2025-04-20T17:13:00,Orchard Rd (Paterson Rd to Mt Elizabeth),1,25.522222222222222,23.3,30.6,9,3.8111111111111113,0.0,14.2,54,90.05000000000001,70.9,99.3,8,260.3333333333333,36.0,354.0,9,5.722222222222222,1.9,12.4,9
2025-04-20T17:12:00,Cambridge Rd,1,25.555555555555554,23.2,30.7,9,3.8111111111111113,0.0,14.2,54,90.0125,71.4,99.3,8,264.77777777777777,42.0,356.0,9,5.844444444444445,1.7,12.9,9
2025-04-20T17:12:00,Carlisle Rd,1,25.555555555555554,23.2,30.7,9,3.8111111111111113,0.0,14.2,54,90.0125,71.4,99.3,8,264.77777777777777,42.0,356.0,9,5.844444444444445,1.7,12.9,9
2025-04-20T17:06:00,Junction of Sunset Dr and Sunset Way Rd,1,25.644444444444446,23.2,30.6,9,3.9259259259259265,0.0,14.1,54,89.8,72.8,99.3,8,242.77777777777777,2.0,355.0,9,6.588888888888889,1.8,11.1,9
2025-04-20T17:02:00,Hillcrest Rd (Watten Rise to Dunearn Rd),1,25.777777777777775,23.4,30.4,9,3.7518518518518524,0.0,14.4,54,89.075,71.1,99.3,8,171.22222222222223,3.0,359.0,9,6.577777777777778,2.0,9.8,9
2025-04-20T17:02:00,Thomson Rd (Balestier Rd to Novena Rise),1,25.777777777777775,23.4,30.4,9,3.7518518518518524,0.0,14.4,54,89.075,71.1,99.3,8,171.22222222222223,3.0,359.0,9,6.577777777777778,2.0,9.8,9
2025-04-20T17:00:00,Junction of Toa Payoh Lor 1 and Toa Payoh Lor 2,1,25.866666666666664,23.6,30.4,9,3.7518518518518524,0.0,14.4,54,88.5375,72.8,99.3,8,210.33333333333334,1.0,357.0,9,6.466666666666666,2.0,9.8,9
2025-04-20T17:00:00,Junction of Lor Kismis and Toh Tuck Rise,1,25.866666666666664,23.6,30.4,9,3.7518518518518524,0.0,14.4,54,88.5375,72.8,99.3,8,210.33333333333334,1.0,357.0,9,6.466666666666666,2.0,9.8,9
2025-04-20T16:56:00,Eng Kong Pl (Greenridge Cres to Eng Kong Gdn),1,26.21111111111111,24.0,30.2,9,3.162962962962963,0.0,11.2,54,86.7625,71.5,99.3,8,164.66666666666666,2.0,323.0,9,6.577777777777778,2.2,10.8,9
2025-04-20T16:48:00,Upp Paya Lebar Service Rd (Lim Teck Boo Rd to Rochdale Rd),1,27.0,24.1,30.4,9,2.514814814814815,0.0,9.7,54,86.3111111111111,73.2,99.3,9,149.77777777777777,17.0,323.0,9,7.211111111111112,3.0,11.4,9
2025-04-20T16:48:00,Jln Lokam (near Upp Paya Lebar Rd),1,27.0,24.1,30.4,9,2.514814814814815,0.0,9.7,54,86.3111111111111,73.2,99.3,9,149.77777777777777,17.0,323.0,9,7.211111111111112,3.0,11.4,9
2025-04-20T16:48:00,Thrift Dr (near Jln Usaha),1,27.0,24.1,30.4,9,2.514814814814815,0.0,9.7,54,86.3111111111111,73.2,99.3,9,149.77777777777777,17.0,323.0,9,7.211111111111112,3.0,11.4,9
2025-04-20T16:36:00,KPE(ECP) after Buangkok East Dr Exit,1,28.01111111111111,24.7,30.3,9,1.5111111111111113,0.0,10.1,54,81.87777777777778,72.9,91.1,9,161.55555555555554,14.0,323.0,9,7.711111111111112,4.9,14.9,9
2025-04-15T16:55:00,TPE (Punggol West Flyover),1,27.474999999999998,25.9,29.9,12,0.5807017543859649,0.0,6.5,57,84.10000000000001,70.6,99.4,12,108.91666666666667,1.0,321.0,12,3.65,0.8,8.2,12
2025-04-15T16:28:00,Yishun Ave 7 (near intersection of Yishun St 22),1,28.099999999999998,25.8,30.2,12,0.2385964912280702,0.0,6.6,57,80.12500000000001,68.7,93.9,12,194.66666666666666,38.0,340.0,12,3.2000000000000006,1.1,6.6,12
2025-04-13T14:15:00,Jln Pokok Serunai,1,25.06009090909091,23.0,27.0,11,4.620571607142858,0.0,10.2,56,92.9222222222222,84.1,99.3,9,247.0918490909091,0.19134,352.0,11,7.902141818181819,2.45637,16.8,11
2025-04-13T14:15:00,Bt Timah Rd (Wilby Rd to Blackmore Dr),1,25.06009090909091,23.0,27.0,11,4.620571607142858,0.0,10.2,56,92.9222222222222,84.1,99.3,9,247.0918490909091,0.19134,352.0,11,7.902141818181819,2.45637,16.8,11
2025-04-13T14:12:00,Lor Ong Lye (near Lor Lew Lian),1,25.135127272727274,23.0,27.0,11,4.827750178571429,0.0,11.8,56,92.63333333333334,84.3,99.3,9,277.08645454545456,88.0,356.506,11,7.75589909090909,2.54941,18.5,11
2025-04-13T14:11:00,Junction of Toa Payoh Lor 1 and Toa Payoh Lor 2,1,25.240990909090907,23.1,27.0,11,4.827750178571429,0.0,11.8,56,92.55555555555556,84.5,99.3,9,277.08645454545456,88.0,356.506,11,7.710899090909091,2.81021,19.0,11
2025-04-13T14:11:00,Eng Kong Pl (Greenridge Cres to Eng Kong Gdn),1,25.240990909090907,23.1,27.0,11,4.827750178571429,0.0,11.8,56,92.55555555555556,84.5,99.3,9,277.08645454545456,88.0,356.506,11,7.710899090909091,2.81021,19.0,11
2025-04-13T14:03:00,Upp Paya Lebar Service Rd (Lim Teck Boo Rd to Rochdale Rd),1,25.718345454545453,23.1,27.0,11,3.4242676785714283,0.0,11.8,56,93.19791818181817,85.0,99.886,11,262.8550909090909,57.0,343.283,11,8.343814545454546,4.83858,19.7,11
2025-04-13T14:03:00,Jln Lokam (near Upp Paya Lebar Rd),1,25.718345454545453,23.1,27.0,11,3.4242676785714283,0.0,11.8,56,93.19791818181817,85.0,99.886,11,262.8550909090909,57.0,343.283,11,8.343814545454546,4.83858,19.7,11
2025-04-13T14:03:00,Thrift Dr (near Jln Usaha),1,25.718345454545453,23.1,27.0,11,3.4242676785714283,0.0,11.8,56,93.19791818181817,85.0,99.886,11,262.8550909090909,57.0,343.283,11,8.343814545454546,4.83858,19.7,11
2025-04-13T13:56:00,TPE Slip Rd towards Punggol Rd,1,26.033109090909093,24.4,27.0,11,3.190053571428572,0.0,12.4,56,92.27699999999999,85.4,98.8,11,252.87163636363633,33.0,330.319,11,8.89768181818182,4.7,21.2,11
2025-04-13T13:53:00,KPE(ECP) after Buangkok East Dr Exit,1,26.178718181818184,25.0,27.0,11,2.7776783928571427,0.0,13.4,56,91.74963636363636,85.3,98.8,11,249.54636363636362,33.0,330.964,11,9.290688181818183,5.2,21.9,11
2025-04-13T13:51:00,TPE (Punggol West Flyover),1,26.213936363636368,25.1,27.2,11,2.7776783928571427,0.0,13.4,56,91.37323636363635,85.7,98.9,11,245.66445454545456,27.0,327.407,11,9.698812727272726,5.2,22.0,11
2025-04-13T13:49:00,Junction of Yishun Ave 2 and Yishun Ave 5,1,26.250554545454552,25.2,27.1,11,2.018214285714286,0.0,9.696,56,91.16406363636362,85.7,98.9,11,243.47918181818184,22.0,325.019,11,9.950332727272729,5.2,21.8,11
2025-04-13T13:39:00,Yishun Avenue 7,1,26.535209090909095,25.3,27.5,11,1.2343392857142859,0.0,12.928,56,89.89370909090907,85.3,99.3,11,265.2750909090909,221.0,356.0,11,10.287041818181818,4.7,19.6,11
2025-04-05T18:35:00,Jln Arif,1,28.078441666666663,25.1,29.6,12,1.5204736842105264,0.0,12.078,57,82.07188333333333,72.6,95.4,12,220.667,93.0,343.174,12,4.6394225,1.93701,8.0,12
2025-03-24T00:37:00,Thomson Rd (Balestier Rd to Novena Rise),1,24.676127272727275,23.6,25.6,11,1.4837413793103449,0.0,8.8,58,97.19055833333334,93.8,99.4,12,98.28233846153846,10.0,323.0,13,4.371171538461539,0.8,10.2,13
2025-03-24T00:33:00,Macpherson Rd OD (Siang Kuang Ave),1,24.61764,23.9,25.5,10,1.608155172413793,0.0,9.2,58,96.98546363636363,93.6,99.4,11,70.91844166666667,2.0,234.0,12,4.4969133333333335,0.8,11.0,12
2025-03-24T00:29:00,Lor Gambir,1,24.67370909090909,24.1,25.5,11,1.786948275862069,0.0,10.6,58,97.1203333333333,93.5,99.4,12,91.88368461538462,1.0,357.0,13,4.317509230769231,1.2,11.8,13
2025-03-24T00:28:00,Puay Hee Ave (near Siak Kew Ave),1,24.68475454545455,24.2,25.5,11,1.786948275862069,0.0,10.6,58,97.10455833333333,93.4,99.4,12,119.64034615384615,4.0,344.0,13,4.174409230769231,1.2,11.5,13
2025-03-24T00:28:00,Siang Kuang Ave,1,24.68475454545455,24.2,25.5,11,1.786948275862069,0.0,10.6,58,97.10455833333333,93.4,99.4,12,119.64034615384615,4.0,344.0,13,4.174409230769231,1.2,11.5,13
2025-03-24T00:28:00,Upp Paya Lebar Service Rd (Lim Teck Boo Rd to Rochdale Rd),1,24.68475454545455,24.2,25.5,11,1.786948275862069,0.0,10.6,58,97.10455833333333,93.4,99.4,12,119.64034615384615,4.0,344.0,13,4.174409230769231,1.2,11.5,13
2025-03-24T00:28:00,Jln Lokam (near Upp Paya Lebar Rd),1,24.68475454545455,24.2,25.5,11,1.786948275862069,0.0,10.6,58,97.10455833333333,93.4,99.4,12,119.64034615384615,4.0,344.0,13,4.174409230769231,1.2,11.5,13
2025-03-24T00:28:00,Thrift Dr (near Jln Usaha),1,24.68475454545455,24.2,25.5,11,1.786948275862069,0.0,10.6,58,97.10455833333333,93.4,99.4,12,119.64034615384615,4.0,344.0,13,4.174409230769231,1.2,11.5,13
2025-03-24T00:23:00,Junction of Toa Payoh Lor 1 and Toa Payoh Lor 2,1,24.774472727272727,24.1,25.6,11,1.789999827586207,0.0,9.0,58,97.03980833333331,93.3,99.4,12,137.57183846153845,2.0,359.0,13,3.509717692307692,0.9,8.8,13
2025-03-24T00:20:00,Langsat Rd (Everitt Rd North to Lor 106 Changi),1,24.76523636363636,24.1,25.7,11,1.789999827586207,0.0,9.0,58,96.93200833333333,93.0,99.4,12,120.88636153846154,8.0,356.0,13,3.084133076923077,0.8,8.60001,13
2025-03-24T00:20:00,Lor 105 Changi,1,24.76523636363636,24.1,25.7,11,1.789999827586207,0.0,9.0,58,96.93200833333333,93.0,99.4,12,120.88636153846154,8.0,356.0,13,3.084133076923077,0.8,8.60001,13
2025-03-24T00:15:00,Marine Parade Ctrl,1,24.836463636363636,24.2,25.7,11,1.8427413793103449,0.0,10.6,58,96.91171666666666,92.7,99.4,12,145.09163846153845,4.0,354.0,13,3.231386153846153,0.6,9.2,13
2025-03-24T00:15:00,Marine Parade Rd,1,24.836463636363636,24.2,25.7,11,1.8427413793103449,0.0,10.6,58,96.91171666666666,92.7,99.4,12,145.09163846153845,4.0,354.0,13,3.231386153846153,0.6,9.2,13
2025-03-24T00:12:00,East Coast Rd,1,24.877209999999998,24.1,25.7,10,1.6687412068965517,0.0,9.39999,58,96.6456,92.6,99.4,11,127.46041666666667,4.0,337.0,12,3.507756666666666,0.6,8.89999,12
2025-03-23T01:31:00,Mountbatten Road/Jalan Seaview,1,24.71918181818182,23.0,25.7,11,0.2281896551724138,0.0,0.8,58,95.62700000000001,90.6,99.5,12,68.98,11.0,301.0,13,3.9023292307692308,1.5,6.8,13
2025-03-20T13:50:00,Mountbatten Road/Jalan Seaview,1,23.036363636363635,22.5,23.4,11,1.0468947368421053,0.0,4.4,57,98.5181818181818,93.8,99.5,11,276.9166666666667,54.0,354.0,12,4.6000000000000005,1.6,7.6,12
2025-03-20T13:40:00,ECP (towards Changi Airport) after Bayshore Rd Exit,1,23.045454545454547,22.5,23.6,11,1.328877192982456,0.0,5.0,57,98.44545454545454,93.7,99.5,11,247.08333333333334,26.0,321.0,12,4.833333333333333,2.0,8.2,12
2025-03-20T10:20:00,ECP (towards Changi Airport) at Tanah Merah Coast Road Entrance,1,22.71,22.2,23.3,10,1.3258771929824562,0.591,2.639,57,98.38999999999999,94.3,99.5,10,278.1818181818182,49.0,334.0,11,6.181818181818182,3.3,11.1,11
2025-03-20T07:40:00,PIE (towards Changi Airport) after TPE,1,23.108333333333334,22.5,23.7,12,0.6800689655172414,0.2,3.0,58,98.04166666666667,93.3,99.5,12,251.83333333333334,60.0,357.0,12,4.783334166666666,1.6,8.3,12
2025-03-19T14:45:00,Mountbatten Road / Jalan Seaview,1,24.107692307692307,23.5,24.5,13,1.169,0.394,2.856,59,97.11538461538461,92.0,99.5,13,177.23076923076923,5.0,356.0,13,2.853846153846154,1.1,4.7,13
2025-03-08T15:20:00,Lor Buangkok (near Kampung Buangkok),1,27.99285714285714,25.0,30.8,14,0.7977213114754098,0.0,7.4,61,82.35714285714286,64.6,99.4,14,124.14285714285714,15.0,357.0,14,5.0214292857142855,2.3,8.60001,14
2025-03-08T15:20:00,"Sim Ave East (towards New Upper Changi Rd), from Lengkong Tiga to Jln Kembangan",1,27.99285714285714,25.0,30.8,14,0.7977213114754098,0.0,7.4,61,82.35714285714286,64.6,99.4,14,124.14285714285714,15.0,357.0,14,5.0214292857142855,2.3,8.60001,14
2025-03-08T15:10:00,Aljunied Rd under PIE Flyover,1,28.171428571428574,24.8,31.0,14,1.109950819672131,0.0,9.541,61,81.94285714285715,64.9,99.3,14,184.78571428571428,31.0,359.0,14,5.485713571428572,2.2,12.3,14
2025-02-17T16:30:00,Braddell Road (towards Bartley) after Toa Payoh,1,26.807142857142857,24.6,31.5,14,0.6444067796610169,0.0,3.546,59,86.22142857142856,61.4,99.3,14,147.42857142857142,10.0,325.0,14,4.114285714285715,1.8,7.5,14
2025-02-17T15:56:00,Lor Gambir,1,26.8,24.8,29.6,14,1.7287627118644064,0.0,12.24,59,83.41428571428573,59.3,99.3,14,198.85714285714286,35.0,331.0,14,3.8285714285714287,1.9,6.9,14
2025-02-15T16:20:00,Happy Ave North,1,26.907142857142855,24.0,29.7,14,1.7943165,0.0,11.571,60,87.09285714285713,70.0,99.3,14,151.21428571428572,60.0,357.0,14,5.1571428571428575,2.0,10.8,14
2025-02-15T16:08:00,Wan Tho Ave (Pheng Geck Ave),1,27.20714285714286,24.3,29.7,14,1.6295666666666666,0.0,10.244,60,85.02857142857142,69.2,99.3,14,167.5,37.0,351.0,14,5.507143571428571,2.0,9.2,14
2025-02-15T16:08:00,Upp Paya Lebar Service Rd (Lim Teck Boo Rd to Rochdale Rd),1,27.20714285714286,24.3,29.7,14,1.6295666666666666,0.0,10.244,60,85.02857142857142,69.2,99.3,14,167.5,37.0,351.0,14,5.507143571428571,2.0,9.2,14
2025-02-15T16:08:00,Jln Lokam (near Upp Paya Lebar Rd),1,27.20714285714286,24.3,29.7,14,1.6295666666666666,0.0,10.244,60,85.02857142857142,69.2,99.3,14,167.5,37.0,351.0,14,5.507143571428571,2.0,9.2,14
2025-02-15T16:08:00,Thrift Dr (near Jln Usaha),1,27.20714285714286,24.3,29.7,14,1.6295666666666666,0.0,10.244,60,85.02857142857142,69.2,99.3,14,167.5,37.0,351.0,14,5.507143571428571,2.0,9.2,14
2025-02-15T16:06:00,Lor Gambir,1,27.564285714285717,24.8,30.1,14,1.6295666666666666,0.0,10.244,60,84.17142857142858,68.1,99.3,14,174.42857142857142,36.0,352.0,14,5.578571428571428,2.2,10.2,14
2025-02-15T16:04:00,Puay Hee Ave (near Siak Kew Ave),1,27.62857142857143,24.8,30.2,14,1.4734665000000002,0.0,8.56799,60,84.00714285714285,69.0,99.3,14,176.21428571428572,37.0,349.0,14,5.6642857142857155,2.2,10.8,14
2025-02-15T16:04:00,Siang Kuang Ave,1,27.62857142857143,24.8,30.2,14,1.4734665000000002,0.0,8.56799,60,84.00714285714285,69.0,99.3,14,176.21428571428572,37.0,349.0,14,5.6642857142857155,2.2,10.8,14
2025-02-15T15:54:00,Junction of Toa Payoh Lor 1 and Toa Payoh Lor 2,1,28.114285714285717,25.6,30.2,14,1.0103666666666666,0.0,11.0,60,82.07142857142857,67.9,99.3,14,141.78571428571428,11.0,357.0,14,5.671429285714287,1.4,10.1,14
2025-01-10T21:15:00,Jln Pokok Serunai,1,22.62142857142857,22.1,23.1,14,1.034967741935484,0.0,4.284,62,97.85714285714285,94.5,99.6,14,286.07142857142856,234.0,326.0,14,5.635714999999999,2.8,9.60001,14
2025-01-10T20:02:00,Jln Seaview,1,22.90666666666666,22.4,23.4,15,1.4064193548387096,0.0,3.4,62,97.46666666666667,94.2,99.6,15,259.1333333333333,12.0,346.0,15,5.366666666666666,2.3,11.6,15
2025-01-10T20:02:00,Junction of Mtbatten Rd and TG Katong Rd South,1,22.90666666666666,22.4,23.4,15,1.4064193548387096,0.0,3.4,62,97.46666666666667,94.2,99.6,15,259.1333333333333,12.0,346.0,15,5.366666666666666,2.3,11.6,15
2025-01-10T19:23:00,Jln Seaview,1,23.021428571428572,22.5,23.6,14,1.7075000000000005,0.0,4.669,62,97.14999999999999,93.1,99.6,14,276.1333333333333,21.0,353.0,15,5.22,1.7,9.2,15
2025-01-10T19:23:00,Junction of Mtbatten Rd and TG Katong Rd South,1,23.021428571428572,22.5,23.6,14,1.7075000000000005,0.0,4.669,62,97.14999999999999,93.1,99.6,14,276.1333333333333,21.0,353.0,15,5.22,1.7,9.2,15
2024-12-29T16:57:00,Thomson Rd (Balestier Rd to Novena Rise),1,25.85714285714286,23.1,29.6,14,3.681459841269841,0.0,14.4,63,90.22142857142856,68.8,99.6,14,181.71428571428572,3.0,353.0,14,6.028571428571429,1.2,11.0,14
2024-12-29T16:56:00,Queen's Rd,1,25.892857142857142,23.2,29.6,14,3.681459841269841,0.0,14.4,63,90.19285714285715,68.9,99.6,14,181.78571428571428,2.0,354.0,14,5.914285,1.3,11.0,14
2024-12-29T16:54:00,Puay Hee Ave (near Siak Kew Ave),1,25.992857142857137,23.7,29.7,14,3.332016507936508,0.0,13.4,63,89.90714285714284,68.6,99.6,14,206.42857142857142,4.0,358.0,14,5.821428571428571,1.5,10.8,14
2024-12-29T16:54:00,Siang Kuang Ave,1,25.992857142857137,23.7,29.7,14,3.332016507936508,0.0,13.4,63,89.90714285714284,68.6,99.6,14,206.42857142857142,4.0,358.0,14,5.821428571428571,1.5,10.8,14
2024-12-29T16:52:00,Junction of Sunset Dr and Sunset Ter,1,26.057142857142857,24.0,29.7,14,3.332016507936508,0.0,13.4,63,89.64285714285714,68.1,99.6,14,181.85714285714286,1.0,350.0,14,5.778571428571428,1.5,11.1,14
2024-12-29T16:50:00,Junction of Sunset Dr and Sunset Way Rd,1,26.199999999999996,24.2,29.7,14,3.332016507936508,0.0,13.4,63,88.99285714285713,67.3,99.6,14,181.28571428571428,2.0,353.0,14,5.871428571428572,2.0,10.6,14
2024-12-29T16:50:00,Hillcrest Rd (Watten Rise to Dunearn Rd),1,26.199999999999996,24.2,29.7,14,3.332016507936508,0.0,13.4,63,88.99285714285713,67.3,99.6,14,181.28571428571428,2.0,353.0,14,5.871428571428572,2.0,10.6,14
2024-12-29T16:50:00,Upp Paya Lebar Service Rd (Lim Teck Boo Rd to Rochdale Rd),1,26.199999999999996,24.2,29.7,14,3.332016507936508,0.0,13.4,63,88.99285714285713,67.3,99.6,14,181.28571428571428,2.0,353.0,14,5.871428571428572,2.0,10.6,14
2024-12-29T16:50:00,Jln Lokam (near Upp Paya Lebar Rd),1,26.199999999999996,24.2,29.7,14,3.332016507936508,0.0,13.4,63,88.99285714285713,67.3,99.6,14,181.28571428571428,2.0,353.0,14,5.871428571428572,2.0,10.6,14
2024-12-29T16:50:00,Thrift Dr (near Jln Usaha),1,26.199999999999996,24.2,29.7,14,3.332016507936508,0.0,13.4,63,88.99285714285713,67.3,99.6,14,181.28571428571428,2.0,353.0,14,5.871428571428572,2.0,10.6,14
2024-12-29T16:49:00,Craig Rd (Duxton Rd to TG Pagar Rd),1,26.199999999999996,24.2,29.7,14,2.8232379365079363,0.0,11.623,63,88.99285714285713,67.3,99.6,14,181.28571428571428,2.0,353.0,14,5.871428571428572,2.0,10.6,14
2024-12-29T16:48:00,Junction of Bishan St 21 and Jln Pemimpin,1,26.242857142857144,24.3,29.7,14,2.8232379365079363,0.0,11.623,63,88.67142857142856,67.0,99.6,14,207.35714285714286,4.0,359.0,14,5.892857142857143,2.1,10.5,14
2024-12-29T16:48:00,Upp Hokkien St,1,26.242857142857144,24.3,29.7,14,2.8232379365079363,0.0,11.623,63,88.67142857142856,67.0,99.6,14,207.35714285714286,4.0,359.0,14,5.892857142857143,2.1,10.5,14
2024-12-29T16:47:00,Bt Timah Rd (Wilby Rd to Blackmore Dr),1,26.285714285714285,24.3,29.7,14,2.8232379365079363,0.0,11.623,63,88.36428571428571,67.2,99.6,14,156.0,1.0,354.0,14,5.921427857142857,2.3,10.6,14
2024-12-29T16:47:00,Dunearn Rd (Yarwood Ave to Binjai Pk),1,26.285714285714285,24.3,29.7,14,2.8232379365079363,0.0,11.623,63,88.36428571428571,67.2,99.6,14,156.0,1.0,354.0,14,5.921427857142857,2.3,10.6,14
2024-12-29T16:45:00,Junction of Lor Kismis and Toh Tuck Rise,1,26.392857142857146,24.3,29.8,14,2.8232379365079363,0.0,11.623,63,87.86428571428571,67.5,99.6,14,157.85714285714286,4.0,347.0,14,5.907143571428571,2.4,11.4,14
2024-12-29T16:45:00,Eng Kong Pl (Greenridge Cres to Eng Kong Gdn),1,26.392857142857146,24.3,29.8,14,2.8232379365079363,0.0,11.623,63,87.86428571428571,67.5,99.6,14,157.85714285714286,4.0,347.0,14,5.907143571428571,2.4,11.4,14
2024-12-29T16:45:00,Junction of Toa Payoh Lor 1 and Toa Payoh Lor 2,1,26.392857142857146,24.3,29.8,14,2.8232379365079363,0.0,11.623,63,87.86428571428571,67.5,99.6,14,157.85714285714286,4.0,347.0,14,5.907143571428571,2.4,11.4,14
2024-12-29T16:43:00,Lor Gambir,1,26.571428571428577,24.1,30.0,14,2.333936507936508,0.0,11.4,63,86.64285714285714,63.6,99.6,14,161.42857142857142,4.0,340.0,14,5.8428571428571425,2.0,10.4,14
2024-12-29T16:39:00,"Choa Chu Kang Ave 1 (towards Choa Chu Kang Way, Choa Chu kang Dr to Teck Whye Lane)",1,26.469230769230766,24.2,30.3,13,2.1987617460317463,0.0,13.2,63,87.23846153846154,62.6,99.6,13,149.07692307692307,15.0,285.0,13,5.592306923076922,1.7,9.89999,13
2024-12-16T15:18:00,Bedok North Ave 3 (Bedok Reservoir MRT),1,26.84285714285715,24.1,31.3,14,0.9779356451612904,0.0,11.484,62,86.89285714285714,65.7,99.6,14,159.5,2.0,358.0,14,5.021427142857143,1.2,9.89999,14
2024-12-16T15:18:00,Jln Pokok Serunai,1,26.84285714285715,24.1,31.3,14,0.9779356451612904,0.0,11.484,62,86.89285714285714,65.7,99.6,14,159.5,2.0,358.0,14,5.021427142857143,1.2,9.89999,14
2024-12-16T15:17:00,Upp Paya Lebar Service Rd (Lim Teck Boo Rd to Rochdale Rd),1,26.89285714285714,24.4,31.3,14,0.9779356451612904,0.0,11.484,62,86.87857142857142,66.0,99.6,14,155.42857142857142,2.0,358.0,14,5.071428571428571,1.2,10.7,14
2024-12-16T15:17:00,Jln Lokam (near Upp Paya Lebar Rd),1,26.89285714285714,24.4,31.3,14,0.9779356451612904,0.0,11.484,62,86.87857142857142,66.0,99.6,14,155.42857142857142,2.0,358.0,14,5.071428571428571,1.2,10.7,14
2024-12-16T15:17:00,Thrift Dr (near Jln Usaha),1,26.89285714285714,24.4,31.3,14,0.9779356451612904,0.0,11.484,62,86.87857142857142,66.0,99.6,14,155.42857142857142,2.0,358.0,14,5.071428571428571,1.2,10.7,14
2024-12-16T15:11:00,Lor Gambir,1,27.16428571428571,23.9,31.5,14,1.1912579032258066,0.0,8.668,62,85.92857142857143,64.8,99.6,14,221.35714285714286,27.0,356.0,14,5.649999285714285,1.8,12.8,14
2024-12-11T19:12:00,Upp Paya Lebar Service Rd (Lim Teck Boo Rd to Rochdale Rd),1,27.592307692307692,24.8,30.3,13,0.5310833333333334,0.0,7.92,60,83.9923076923077,62.8,99.2,13,199.64285714285714,12.0,317.0,14,4.671428571428571,0.8,12.8,14
2024-12-11T19:12:00,Jln Lokam (near Upp Paya Lebar Rd),1,27.592307692307692,24.8,30.3,13,0.5310833333333334,0.0,7.92,60,83.9923076923077,62.8,99.2,13,199.64285714285714,12.0,317.0,14,4.671428571428571,0.8,12.8,14
2024-12-11T19:12:00,Thrift Dr (near Jln Usaha),1,27.592307692307692,24.8,30.3,13,0.5310833333333334,0.0,7.92,60,83.9923076923077,62.8,99.2,13,199.64285714285714,12.0,317.0,14,4.671428571428571,0.8,12.8,14
2024-12-03T19:32:00,Upp East Coast Rd (near Parbury Ave),1,25.814285714285713,23.8,28.5,14,0.8847586206896552,0.0,11.457,58,92.37857142857142,76.2,99.5,14,154.71428571428572,26.0,289.0,14,5.042857142857143,1.7,14.3,14
2024-12-03T19:23:00,Jln Pokok Serunai,1,25.82857142857143,23.6,28.4,14,0.7182586206896552,0.0,4.8,58,92.21428571428574,77.5,99.5,14,172.14285714285714,41.0,300.0,14,5.257142857142858,1.4,16.6,14
2024-12-03T19:22:00,Junction of Swan Lake Ave and Jln Terang Bulan,1,25.82857142857143,23.5,28.4,14,0.7182586206896552,0.0,4.8,58,92.1857142857143,77.5,99.5,14,172.14285714285714,46.0,289.0,14,5.23571357142857,1.3,17.0,14
2024-12-03T19:09:00,Lor Gambir,1,25.92142857142857,23.4,28.5,14,1.318396379310345,0.0,8.39999,58,91.98571428571427,81.3,99.4,14,210.28571428571428,44.0,342.0,14,6.228572142857142,1.8,19.7,14
2024-11-29T06:30:00,Bt Timah Rd (Wilby Rd to Blackmore Dr),1,24.586666666666677,23.6,25.7,15,2.4411015254237287,0.0,9.39999,59,96.61999999999999,92.8,99.6,15,264.4,181.0,342.0,15,4.3,1.4,7.9,15
2024-11-29T06:27:00,Dunearn Rd (Yarwood Ave to Binjai Pk),1,24.653333333333332,23.7,25.6,15,2.66235593220339,0.0,7.2,59,96.5,92.1,99.6,15,244.13333333333333,37.0,327.0,15,4.086666666666668,1.1,7.1,15
2024-11-29T06:13:00,Junction of Neo Pee Teck Lane and Pasir Panjang Rd,1,24.900000000000006,23.9,25.9,14,2.2350167796610165,0.0,8.39999,59,95.58571428571429,89.0,99.6,14,208.42857142857142,8.0,332.0,14,3.842856428571429,0.7,8.39999,14
2024-11-29T06:03:00,Jln Boon Lay (Enterprise Rd to International Rd),1,25.12666666666667,24.4,26.1,15,0.9409830508474576,0.0,8.2,59,95.1266666666667,87.7,99.6,15,186.35714285714286,10.0,355.0,14,4.121428571428571,0.7,12.5,14
2024-11-24T16:43:00,Jln Boon Lay (Enterprise Rd to International Rd),1,26.88666666666667,24.4,29.9,15,0.5243,0.0,5.887,60,90.29999999999998,69.0,99.4,15,203.13333333333333,7.0,335.0,15,3.8133333333333335,1.7,7.7,15
2024-11-23T18:42:00,Lor Gambir,1,26.866666666666667,25.4,29.4,15,0.4441833333333333,0.0,5.2,60,87.83333333333333,69.1,99.6,15,157.0,1.0,353.0,15,4.14,1.9,12.1,15
2024-11-22T15:22:00,Jln Nipah (cul-de-sac),1,26.440000000000005,23.8,31.1,15,2.1959,0.0,10.608,60,88.90666666666665,68.3,99.6,15,166.53333333333333,6.0,358.0,15,5.273332666666667,1.2,10.0,15
2024-11-22T15:22:00,Jln Seaview,1,26.440000000000005,23.8,31.1,15,2.1959,0.0,10.608,60,88.90666666666665,68.3,99.6,15,166.53333333333333,6.0,358.0,15,5.273332666666667,1.2,10.0,15
2024-11-22T15:22:00,Junction of Mtbatten Rd and TG Katong Rd South,1,26.440000000000005,23.8,31.1,15,2.1959,0.0,10.608,60,88.90666666666665,68.3,99.6,15,166.53333333333333,6.0,358.0,15,5.273332666666667,1.2,10.0,15
2024-11-22T15:16:00,"Choa Chu Kang Ave 1 (towards Choa Chu Kang Way, Choa Chu kang Dr to Teck Whye Lane)",1,26.506666666666668,23.5,31.1,15,2.169016666666667,0.0,12.24,60,88.77999999999999,65.3,99.6,15,164.6,3.0,348.0,15,6.493333333333334,2.2,12.8,15
2024-11-22T15:14:00,Aljunied Rd under PIE Flyover,1,26.566666666666663,23.6,31.5,15,2.221233333333333,0.0,12.524,60,88.68666666666668,66.4,99.6,15,187.6,32.0,358.0,15,6.566668000000001,2.2,13.1,15
2024-11-22T15:12:00,Junction of Upp Changi Rd and Bedok Ave 4,1,26.586666666666662,23.6,31.2,15,2.221233333333333,0.0,12.524,60,88.41333333333333,69.2,99.6,15,160.93333333333334,2.0,343.0,15,6.6266680000000004,2.0,13.2,15
2024-11-22T15:04:00,Serangoon Ave 2 (Boundary Rd to Serangoon Ave 3),1,26.96,23.4,31.8,15,2.39035,0.0,13.332,60,86.36666666666666,66.5,99.6,15,201.73333333333332,12.0,357.0,15,6.946666666666667,2.2,12.4,15
2024-11-22T15:00:00,Macpherson Rd OD (Siang Kuang Ave),1,27.0,23.5,32.1,15,2.39035,0.0,13.332,60,86.27333333333334,67.0,99.6,15,198.73333333333332,23.0,359.0,15,6.819998666666668,1.3,12.1,15
2024-11-22T14:58:00,Upp Paya Lebar Service Rd (Lim Teck Boo Rd to Rochdale Rd),1,27.14,23.6,32.5,15,2.3575166666666667,0.0,12.648,60,86.00000000000001,64.8,99.6,15,160.53333333333333,5.0,327.0,15,6.873333333333333,1.3,12.3,15
2024-11-22T14:58:00,Lor Gambir,1,27.14,23.6,32.5,15,2.3575166666666667,0.0,12.648,60,86.00000000000001,64.8,99.6,15,160.53333333333333,5.0,327.0,15,6.873333333333333,1.3,12.3,15
2024-11-22T14:58:00,Serangoon Ave 2 (Boundary Rd to Serangoon Ave 3),1,27.14,23.6,32.5,15,2.3575166666666667,0.0,12.648,60,86.00000000000001,64.8,99.6,15,160.53333333333333,5.0,327.0,15,6.873333333333333,1.3,12.3,15
2024-11-22T14:57:00,Colchester Grove,1,27.14666666666667,23.7,32.3,15,2.3575166666666667,0.0,12.648,60,86.08666666666666,65.3,99.6,15,203.73333333333332,9.0,358.0,15,6.919998666666667,1.4,12.3,15
2024-11-22T14:57:00,Junction of Macpherson Rd and Playfair Rd,1,27.14666666666667,23.7,32.3,15,2.3575166666666667,0.0,12.648,60,86.08666666666666,65.3,99.6,15,203.73333333333332,9.0,358.0,15,6.919998666666667,1.4,12.3,15
2024-11-22T14:55:00,Jln Chengkek,1,27.220000000000002,23.9,31.7,15,2.3575166666666667,0.0,12.648,60,85.64666666666668,67.2,99.6,15,221.8,3.0,354.0,15,7.013333333333334,1.5,12.6,15
2024-11-22T14:54:00,Jln Gembira,1,27.273333333333333,23.9,31.6,15,2.253833,0.0,8.91,60,85.53333333333332,67.6,99.6,15,198.33333333333334,1.0,347.0,15,7.086667333333334,1.7,12.5,15
2024-11-22T14:54:00,Wan Tho Ave (Pheng Geck Ave),1,27.273333333333333,23.9,31.6,15,2.253833,0.0,8.91,60,85.53333333333332,67.6,99.6,15,198.33333333333334,1.0,347.0,15,7.086667333333334,1.7,12.5,15
2024-11-22T14:53:00,Mt Vernon Rd (near Bartley Rd),1,27.326666666666668,24.0,31.6,15,2.253833,0.0,8.91,60,85.49333333333333,67.5,99.6,15,201.53333333333333,2.0,351.0,15,7.246667333333333,2.0,12.4,15
