date,time,location,datetime,latitude,longitude
2025-04-26,14:40,Riverside Road (near Junction of Riverside Road and Admiralty Road),2025-04-26T14:40:00,1.4468457,103.777234
2025-04-21,15:18,Yishun Ave 7 (near intersection of Yishun St 22),2025-04-21T15:18:00,1.4384951,103.8332015
2025-04-20,17:19,Jln Pokok Serunai,2025-04-20T17:19:00,1.3139486,103.9364623
2025-04-20,17:19,Alexandra Rd (opp Alexis Condo),2025-04-20T17:19:00,1.2883283,103.805457
2025-04-20,17:17,Junction of Boon Lay Way and Corporation Rd,2025-04-20T17:17:00,1.3428518,103.7160287
2025-04-20,17:15,KG Java Rd (Newton Circus to CTE),2025-04-20T17:15:00,1.3130035,103.8395815
2025-04-20,17:14,Junction of Stevens Rd and Balmoral Rd,2025-04-20T17:14:00,1.31301,103.8299083
2025-04-20,17:13,Orchard Rd (Paterson Rd to Mt Elizabeth),2025-04-20T17:13:00,1.3050356,103.8318311
2025-04-20,17:12,Cambridge Rd,2025-04-20T17:12:00,1.3149686,103.8485505
2025-04-20,17:12,Carlisle Rd,2025-04-20T17:12:00,1.314383,103.8480691
2025-04-20,17:06,Junction of Sunset Dr and Sunset Way Rd,2025-04-20T17:06:00,1.325914,103.765845
2025-04-20,17:02,Hillcrest Rd (Watten Rise to Dunearn Rd),2025-04-20T17:02:00,1.3298202,103.8074287
2025-04-20,17:02,Thomson Rd (Balestier Rd to Novena Rise),2025-04-20T17:02:00,1.3264451,103.8418253
2025-04-20,17:00,Junction of Toa Payoh Lor 1 and Toa Payoh Lor 2,2025-04-20T17:00:00,1.3379277,103.8450404
2025-04-20,17:00,Junction of Lor Kismis and Toh Tuck Rise,2025-04-20T17:00:00,1.3365688,103.7645978
2025-04-20,16:56,Eng Kong Pl (Greenridge Cres to Eng Kong Gdn),2025-04-20T16:56:00,1.3332766,103.7669994
2025-04-20,16:48,Upp Paya Lebar Service Rd (Lim Teck Boo Rd to Rochdale Rd),2025-04-20T16:48:00,1.3434527,103.8848148
2025-04-20,16:48,Jln Lokam (near Upp Paya Lebar Rd),2025-04-20T16:48:00,1.3469012,103.8843356
2025-04-20,16:48,Thrift Dr (near Jln Usaha),2025-04-20T16:48:00,1.3454466,103.8832484
2025-04-20,16:36,KPE(ECP) after Buangkok East Dr Exit,2025-04-20T16:36:00,1.375503,103.909405
2025-04-15,16:55,TPE (Punggol West Flyover),2025-04-15T16:55:00,1.3984457,103.9072046
2025-04-15,16:28,Yishun Ave 7 (near intersection of Yishun St 22),2025-04-15T16:28:00,1.4384951,103.8332015
2025-04-13,14:15,Jln Pokok Serunai,2025-04-13T14:15:00,1.3139486,103.9364623
2025-04-13,14:15,Bt Timah Rd (Wilby Rd to Blackmore Dr),2025-04-13T14:15:00,1.3345306,103.7827795
2025-04-13,14:12,Lor Ong Lye (near Lor Lew Lian),2025-04-13T14:12:00,1.3500706,103.8772944
2025-04-13,14:11,Junction of Toa Payoh Lor 1 and Toa Payoh Lor 2,2025-04-13T14:11:00,1.3379277,103.8450404
2025-04-13,14:11,Eng Kong Pl (Greenridge Cres to Eng Kong Gdn),2025-04-13T14:11:00,1.3332766,103.7669994
2025-04-13,14:03,Upp Paya Lebar Service Rd (Lim Teck Boo Rd to Rochdale Rd),2025-04-13T14:03:00,1.3434527,103.8848148
2025-04-13,14:03,Jln Lokam (near Upp Paya Lebar Rd),2025-04-13T14:03:00,1.3469012,103.8843356
2025-04-13,14:03,Thrift Dr (near Jln Usaha),2025-04-13T14:03:00,1.3454466,103.8832484
2025-04-13,13:56,TPE Slip Rd towards Punggol Rd,2025-04-13T13:56:00,1.3971767,103.9030134
2025-04-13,13:53,KPE(ECP) after Buangkok East Dr Exit,2025-04-13T13:53:00,1.375503,103.909405,
2025-04-13,13:51,TPE (Punggol West Flyover),2025-04-13T13:51:00,1.3984457,103.9072046
2025-04-13,13:49,Junction of Yishun Ave 2 and Yishun Ave 5,2025-04-13T13:49:00,1.4303202,103.8352756
2025-04-13,13:39,Yishun Avenue 7,2025-04-13T13:39:00,1.4384951,103.8332015
2025-04-05,18:35,Jln Arif,2025-04-05T18:35:00,1.3673583,103.8834044
2025-03-24,00:37,Thomson Rd (Balestier Rd to Novena Rise),2025-03-24T00:37:00,1.3264451,103.8418253
2025-03-24,00:33,Macpherson Rd OD (Siang Kuang Ave),2025-03-24T00:33:00,1.331099,103.8785838
2025-03-24,00:29,Lor Gambir,2025-03-24T00:29:00,1.3455826,103.8755509
2025-03-24,00:28,Puay Hee Ave (near Siak Kew Ave),2025-03-24T00:28:00,0.8118812,101.7979613
2025-03-24,00:28,Siang Kuang Ave,2025-03-24T00:28:00,1.3296528,103.8720691
2025-03-24,00:28,Upp Paya Lebar Service Rd (Lim Teck Boo Rd to Rochdale Rd),2025-03-24T00:28:00,1.3434527,103.8848148
2025-03-24,00:28,Jln Lokam (near Upp Paya Lebar Rd),2025-03-24T00:28:00,1.3469012,103.8843356
2025-03-24,00:28,Thrift Dr (near Jln Usaha),2025-03-24T00:28:00,1.3454466,103.8832484
2025-03-24,00:23,Junction of Toa Payoh Lor 1 and Toa Payoh Lor 2,2025-03-24T00:23:00,1.3379277,103.8450404
2025-03-24,00:20,Langsat Rd (Everitt Rd North to Lor 106 Changi),2025-03-24T00:20:00,1.3450101,103.9832089
2025-03-24,00:20,Lor 105 Changi,2025-03-24T00:20:00,1.3164609,103.9026964
2025-03-24,00:15,Marine Parade Ctrl,2025-03-24T00:15:00,1.302042,103.9065384
2025-03-24,00:15,Marine Parade Rd,2025-03-24T00:15:00,1.3073587,103.9179652
2025-03-24,00:12,East Coast Rd,2025-03-24T00:12:00,1.3085237,103.9149972
2025-03-23,01:31,Mountbatten Road/Jalan Seaview,2025-03-23T01:31:00,1.3016601,103.8966467
2025-03-20,13:50,Mountbatten Road/Jalan Seaview,2025-03-20T13:50:00,1.3016601,103.8966467
2025-03-20,13:40,ECP (towards Changi Airport) after Bayshore Rd Exit,2025-03-20T13:40:00,1.358604,103.9899436
2025-03-20,10:20,ECP (towards Changi Airport) at Tanah Merah Coast Road Entrance,2025-03-20T10:20:00,1.358604,103.9899436
2025-03-20,07:40,PIE (towards Changi Airport) after TPE,2025-03-20T07:40:00,1.3433702,103.9693898
2025-03-19,14:45,Mountbatten Road / Jalan Seaview,2025-03-19T14:45:00,1.3016601,103.8966467
2025-03-08,15:20,Lor Buangkok (near Kampung Buangkok),2025-03-08T15:20:00,1.38333,103.878991
2025-03-08,15:20,"Sim Ave East (towards New Upper Changi Rd), from Lengkong Tiga to Jln Kembangan",2025-03-08T15:20:00,1.3229561,103.9135494
2025-03-08,15:10,Aljunied Rd under PIE Flyover,2025-03-08T15:10:00,1.3223031,103.8814376
2025-02-17,16:30,Braddell Road (towards Bartley) after Toa Payoh,2025-02-17T16:30:00,1.3434257,103.8545674
2025-02-17,15:56,Lor Gambir,2025-02-17T15:56:00,1.3455826,103.8755509
2025-02-15,16:20,Happy Ave North,2025-02-15T16:20:00,1.3310617,103.8810144
2025-02-15,16:08,Wan Tho Ave (Pheng Geck Ave),2025-02-15T16:08:00,1.3321392,103.8700728
2025-02-15,16:08,Upp Paya Lebar Service Rd (Lim Teck Boo Rd to Rochdale Rd),2025-02-15T16:08:00,1.3434527,103.8848148
2025-02-15,16:08,Jln Lokam (near Upp Paya Lebar Rd),2025-02-15T16:08:00,1.3469012,103.8843356
2025-02-15,16:08,Thrift Dr (near Jln Usaha),2025-02-15T16:08:00,1.3454466,103.8832484
2025-02-15,16:06,Lor Gambir,2025-02-15T16:06:00,1.3455826,103.8755509
2025-02-15,16:04,Puay Hee Ave (near Siak Kew Ave),2025-02-15T16:04:00,0.8118812,101.7979613
2025-02-15,16:04,Siang Kuang Ave,2025-02-15T16:04:00,1.3296528,103.8720691
2025-02-15,15:54,Junction of Toa Payoh Lor 1 and Toa Payoh Lor 2,2025-02-15T15:54:00,1.3379277,103.8450404
2025-01-10,21:15,Jln Pokok Serunai,2025-01-10T21:15:00,1.3139486,103.9364623
2025-01-10,20:02,Jln Seaview,2025-01-10T20:02:00,1.300828,103.8959163
2025-01-10,20:02,Junction of Mtbatten Rd and TG Katong Rd South,2025-01-10T20:02:00,1.3020149,103.8970382
2025-01-10,19:23,Jln Seaview,2025-01-10T19:23:00,1.300828,103.8959163
2025-01-10,19:23,Junction of Mtbatten Rd and TG Katong Rd South,2025-01-10T19:23:00,1.3020149,103.8970382
2024-12-29,16:57,Thomson Rd (Balestier Rd to Novena Rise),2024-12-29T16:57:00,1.3264451,103.8418253
2024-12-29,16:56,Queen's Rd,2024-12-29T16:56:00,-37.8464665,144.9768768
2024-12-29,16:54,Puay Hee Ave (near Siak Kew Ave),2024-12-29T16:54:00,0.8118812,101.7979613
2024-12-29,16:54,Siang Kuang Ave,2024-12-29T16:54:00,1.3296528,103.8720691
2024-12-29,16:52,Junction of Sunset Dr and Sunset Ter,2024-12-29T16:52:00,47.223881,-122.5450971
2024-12-29,16:50,Junction of Sunset Dr and Sunset Way Rd,2024-12-29T16:50:00,1.325914,103.765845
2024-12-29,16:50,Hillcrest Rd (Watten Rise to Dunearn Rd),2024-12-29T16:50:00,1.3298202,103.8074287
2024-12-29,16:50,Upp Paya Lebar Service Rd (Lim Teck Boo Rd to Rochdale Rd),2024-12-29T16:50:00,1.3434527,103.8848148
2024-12-29,16:50,Jln Lokam (near Upp Paya Lebar Rd),2024-12-29T16:50:00,1.3469012,103.8843356
2024-12-29,16:50,Thrift Dr (near Jln Usaha),2024-12-29T16:50:00,1.3454466,103.8832484
2024-12-29,16:49,Craig Rd (Duxton Rd to TG Pagar Rd),2024-12-29T16:49:00,1.2774895,103.8429205
2024-12-29,16:48,Junction of Bishan St 21 and Jln Pemimpin,2024-12-29T16:48:00,1.3477801,103.84057
2024-12-29,16:48,Upp Hokkien St,2024-12-29T16:48:00,1.2854743,103.8461404
2024-12-29,16:47,Bt Timah Rd (Wilby Rd to Blackmore Dr),2024-12-29T16:47:00,1.3345306,103.7827795
2024-12-29,16:47,Dunearn Rd (Yarwood Ave to Binjai Pk),2024-12-29T16:47:00,1.3358231,103.784254
2024-12-29,16:45,Junction of Lor Kismis and Toh Tuck Rise,2024-12-29T16:45:00,1.3365688,103.7645978
2024-12-29,16:45,Eng Kong Pl (Greenridge Cres to Eng Kong Gdn),2024-12-29T16:45:00,1.3332766,103.7669994
2024-12-29,16:45,Junction of Toa Payoh Lor 1 and Toa Payoh Lor 2,2024-12-29T16:45:00,1.3379277,103.8450404
2024-12-29,16:43,Lor Gambir,2024-12-29T16:43:00,1.3455826,103.8755509
2024-12-29,16:39,"Choa Chu Kang Ave 1 (towards Choa Chu Kang Way, Choa Chu kang Dr to Teck Whye Lane)",2024-12-29T16:39:00,1.3788278,103.7526714
2024-12-16,15:18,Bedok North Ave 3 (Bedok Reservoir MRT),2024-12-16T15:18:00,1.3363854,103.9329353
2024-12-16,15:18,Jln Pokok Serunai,2024-12-16T15:18:00,1.3139486,103.9364623
2024-12-16,15:17,Upp Paya Lebar Service Rd (Lim Teck Boo Rd to Rochdale Rd),2024-12-16T15:17:00,1.3434527,103.8848148
2024-12-16,15:17,Jln Lokam (near Upp Paya Lebar Rd),2024-12-16T15:17:00,1.3469012,103.8843356
2024-12-16,15:17,Thrift Dr (near Jln Usaha),2024-12-16T15:17:00,1.3454466,103.8832484
2024-12-16,15:11,Lor Gambir,2024-12-16T15:11:00,1.3455826,103.8755509
2024-12-11,19:12,Upp Paya Lebar Service Rd (Lim Teck Boo Rd to Rochdale Rd),2024-12-11T19:12:00,1.3434527,103.8848148
2024-12-11,19:12,Jln Lokam (near Upp Paya Lebar Rd),2024-12-11T19:12:00,1.3469012,103.8843356
2024-12-11,19:12,Thrift Dr (near Jln Usaha),2024-12-11T19:12:00,1.3454466,103.8832484
2024-12-03,19:32,Upp East Coast Rd (near Parbury Ave),2024-12-03T19:32:00,1.3176655,103.9429496
2024-12-03,19:23,Jln Pokok Serunai,2024-12-03T19:23:00,1.3139486,103.9364623
2024-12-03,19:22,Junction of Swan Lake Ave and Jln Terang Bulan,2024-12-03T19:22:00,1.3220489,103.9239625
2024-12-03,19:09,Lor Gambir,2024-12-03T19:09:00,1.3455826,103.8755509
2024-11-29,06:30,Bt Timah Rd (Wilby Rd to Blackmore Dr),2024-11-29T06:30:00,1.3345306,103.7827795
2024-11-29,06:27,Dunearn Rd (Yarwood Ave to Binjai Pk),2024-11-29T06:27:00,1.3358231,103.784254
2024-11-29,06:13,Junction of Neo Pee Teck Lane and Pasir Panjang Rd,2024-11-29T06:13:00,1.2920872,103.7685901
2024-11-29,06:03,Jln Boon Lay (Enterprise Rd to International Rd),2024-11-29T06:03:00,1.3328062,103.7083114
2024-11-24,16:43,Jln Boon Lay (Enterprise Rd to International Rd),2024-11-24T16:43:00,1.3328062,103.7083114
2024-11-23,18:42,Lor Gambir,2024-11-23T18:42:00,1.3455826,103.8755509
2024-11-22,15:22,Jln Nipah (cul-de-sac),2024-11-22T15:22:00,1.3258294,103.9525996
2024-11-22,15:22,Jln Seaview,2024-11-22T15:22:00,1.300828,103.8959163
2024-11-22,15:22,Junction of Mtbatten Rd and TG Katong Rd South,2024-11-22T15:22:00,1.3020149,103.8970382
2024-11-22,15:16,"Choa Chu Kang Ave 1 (towards Choa Chu Kang Way, Choa Chu kang Dr to Teck Whye Lane)",2024-11-22T15:16:00,1.3788278,103.7526714
2024-11-22,15:14,Aljunied Rd under PIE Flyover,2024-11-22T15:14:00,1.3223031,103.8814376
2024-11-22,15:12,Junction of Upp Changi Rd and Bedok Ave 4,2024-11-22T15:12:00,1.3343783,103.9507181
2024-11-22,15:04,Serangoon Ave 2 (Boundary Rd to Serangoon Ave 3),2024-11-22T15:04:00,1.3554201,103.8678618
2024-11-22,15:00,Macpherson Rd OD (Siang Kuang Ave),2024-11-22T15:00:00,1.331099,103.8785838
2024-11-22,14:58,Upp Paya Lebar Service Rd (Lim Teck Boo Rd to Rochdale Rd),2024-11-22T14:58:00,1.3434527,103.8848148
2024-11-22,14:58,Lor Gambir,2024-11-22T14:58:00,1.3455826,103.8755509
2024-11-22,14:58,Serangoon Ave 2 (Boundary Rd to Serangoon Ave 3),2024-11-22T14:58:00,1.3554201,103.8678618
2024-11-22,14:57,Colchester Grove,2024-11-22T14:57:00,1.3579854,103.8673787
2024-11-22,14:57,Junction of Macpherson Rd and Playfair Rd,2024-11-22T14:57:00,1.3330346,103.8869568
2024-11-22,14:55,Jln Chengkek,2024-11-22T14:55:00,1.3301635,103.8844268
2024-11-22,14:54,Jln Gembira,2024-11-22T14:54:00,3.0825622,101.6798607
2024-11-22,14:54,Wan Tho Ave (Pheng Geck Ave),2024-11-22T14:54:00,1.3321392,103.8700728
2024-11-22,14:53,Mt Vernon Rd (near Bartley Rd),2024-11-22T14:53:00,,
2024-11-22,14:52,Puay Hee Ave (near Siak Kew Ave),2024-11-22T14:52:00,0.8118812,101.7979613
2024-11-22,14:52,Siang Kuang Ave,2024-11-22T14:52:00,1.3296528,103.8720691
2024-11-22,14:50,Happy Ave North,2024-11-22T14:50:00,1.3310617,103.8810144
2024-11-22,14:48,Lor Ong Lye (near Lor Lew Lian),2024-11-22T14:48:00,1.3500706,103.8772944
2024-11-17,14:03,Jln Boon Lay (Enterprise Rd to International Rd),2024-11-17T14:03:00,1.3328062,103.7083114
2024-11-17,13:48,Tanjong Pagar Rd/Craig Rd,2024-11-17T13:48:00,1.2773671,103.8435963
2024-11-17,13:45,Upp Hokkien St/South Bridge Rd,2024-11-17T13:45:00,1.2850287,103.8469156
2024-11-16,15:28,TPE (Punggol West Flyover),2024-11-16T15:28:00,1.3984457,103.9072046
2024-11-16,15:13,Junction of Neo Pee Teck Lane and Pasir Panjang Rd,2024-11-16T15:13:00,1.2920872,103.7685901
2024-11-16,15:08,Jln Boon Lay (Enterprise Rd to International Rd),2024-11-16T15:08:00,1.3328062,103.7083114
2024-11-16,15:04,Bt Timah Rd (Wilby Rd to Blackmore Dr),2024-11-16T15:04:00,1.3345306,103.7827795
2024-11-16,15:03,Junction of Sunset Dr and Sunset Way Rd,2024-11-16T15:03:00,,
2024-11-16,15:02,Junction of Sunset Dr and Sunset Ter,2024-11-16T15:02:00,47.223881,-122.5450971
2024-11-16,15:00,Junction of Lor Kismis and Toh Tuck Rise,2024-11-16T15:00:00,1.3365688,103.7645978
2024-11-16,14:59,Eng Kong Pl (Greenridge Cres to Eng Kong Gdn),2024-11-16T14:59:00,1.3332766,103.7669994
2024-11-16,14:58,"KJE Slip Rd (KJE to Woodlands Rd, towards Senja Way)",2024-11-16T14:58:00,,
2024-11-16,14:57,Dunearn Rd (Yarwood Ave to Binjai Pk),2024-11-16T14:57:00,1.3358231,103.784254
2024-11-10,07:56,Upp Paya Lebar Service Rd (Lim Teck Boo Rd to Rochdale Rd),2024-11-10T07:56:00,1.3434527,103.8848148
2024-11-10,07:56,Jln Lokam (near Upp Paya Lebar Rd),2024-11-10T07:56:00,1.3469012,103.8843356
2024-11-10,07:56,Thrift Dr (near Jln Usaha),2024-11-10T07:56:00,1.3454466,103.8832484
2024-11-10,07:52,Lor Gambir,2024-11-10T07:52:00,1.3455826,103.8755509
2024-11-10,07:35,Craig Rd (Duxton Rd to TG Pagar Rd),2024-11-10T07:35:00,1.2774895,103.8429205
2024-11-04,08:05,Lor Gambir,2024-11-04T08:05:00,1.3455826,103.8755509
2024-11-04,08:05,Upp Paya Lebar Service Rd (Lim Teck Boo Rd to Rochdale Rd),2024-11-04T08:05:00,1.3434527,103.8848148
2024-11-04,08:05,Jln Lokam (near Upp Paya Lebar Rd),2024-11-04T08:05:00,1.3469012,103.8843356
2024-11-04,08:05,Thrift Dr (near Jln Usaha),2024-11-04T08:05:00,1.3454466,103.8832484
2024-11-01,14:08,Lor Gambir,2024-11-01T14:08:00,1.3455826,103.8755509
2024-10-19,13:40,Lor Gambir,2024-10-19T13:40:00,1.3455826,103.8755509
2024-10-14,09:12,Sunset Way (Sunset Dr to Sunset Walk),2024-10-14T09:12:00,,
2024-10-14,09:12,Albert Winsemius Lane,2024-10-14T09:12:00,1.3202501,103.7699405
2024-10-14,09:12,Sunset Lane,2024-10-14T09:12:00,33.8922191,-117.960718
2024-10-14,09:11,Junction of Bedok garden and Bedok Rd,2024-10-14T09:11:00,1.3234534,103.9535643
2024-10-14,09:10,Jln Nipah (cul-de-sac),2024-10-14T09:10:00,1.3258294,103.9525996
2024-10-14,09:08,Sunset Way (Sunset Dr to Sunset Walk),2024-10-14T09:08:00,,
2024-10-14,09:08,Albert Winsemius Lane,2024-10-14T09:08:00,1.3202501,103.7699405
2024-10-14,09:08,Sunset Lane,2024-10-14T09:08:00,33.8922191,-117.960718
2024-10-14,09:07,Junction of Upp Changi Rd and Bedok Ave 4,2024-10-14T09:07:00,1.3343783,103.9507181
2024-10-14,09:06,Junction of Upp Changi Rd and Bedok North Ave 4,2024-10-14T09:06:00,1.3343783,103.9507181
2024-10-14,09:04,Jln Seaview,2024-10-14T09:04:00,1.300828,103.8959163
2024-10-14,09:04,Junction of Mtbatten Rd and TG Katong Rd South,2024-10-14T09:04:00,1.3020149,103.8970382
2024-10-14,09:02,Lor H Telok Kurau (cul-de-sac),2024-10-14T09:02:00,1.3162713,103.9107491
2024-10-14,09:02,Joo Chiat Ave(cul-de-sac),2024-10-14T09:02:00,1.3159035,103.9116366
2024-10-14,08:58,Junction of Clementi Rd and Ulu Pandan Rd,2024-10-14T08:58:00,1.3190519,103.7713134
2024-10-14,08:58,Junction of Bedok South Rd and Bedok South Ave 1 (towards Upp East Coast Rd),2024-10-14T08:58:00,1.3085237,103.9149972
2024-10-14,08:51,Junction of Neo Pee Teck Lane and Pasir Panjang Rd,2024-10-14T08:51:00,1.2920872,103.7685901
2024-10-14,08:40,Jln Pokok Serunai,2024-10-14T08:40:00,1.3139486,103.9364623
2024-10-14,08:30,Jln Boon Lay (Enterprise Rd to International Rd),2024-10-14T08:30:00,1.3328062,103.7083114
2024-10-14,08:10,Bt Timah Rd (Wilby Rd to Blackmore Dr),2024-10-14T08:10:00,1.3345306,103.7827795
2024-10-14,08:10,Junction of Sunset Dr and Sunset Ter,2024-10-14T08:10:00,47.223881,-122.5450971
2024-10-14,08:08,Junction of Sunset Dr and Sunset Way Rd,2024-10-14T08:08:00,,
2024-10-14,08:08,Dunearn Rd (Yarwood Ave to Binjai Pk),2024-10-14T08:08:00,1.3358231,103.784254
2024-10-14,07:59,Eng Kong Pl (Greenridge Cres to Eng Kong Gdn),2024-10-14T07:59:00,1.3332766,103.7669994
2024-10-14,07:58,Junction of Lor Kismis and Toh Tuck Rise,2024-10-14T07:58:00,1.3365688,103.7645978
2024-10-14,07:43,Jln Boon Lay (Enterprise Rd to International Rd),2024-10-14T07:43:00,1.3328062,103.7083114
2024-10-14,07:42,Junction of Yuan Ching Rd and Yung Kuang Rd,2024-10-14T07:42:00,1.3314203,103.724909
2024-10-06,04:34,Craig Rd (Duxton Rd to TG Pagar Rd),2024-10-06T04:34:00,1.2774895,103.8429205
2024-09-30,17:38,Lor Gambir,2024-09-30T17:38:00,1.3455826,103.8755509
2024-09-30,17:23,TPE (Punggol West Flyover),2024-09-30T17:23:00,1.3984457,103.9072046
2024-09-25,12:15,Yew Siang Rd,2024-09-25T12:15:00,1.2778072,103.7928836
2024-09-25,11:35,Jln Boon Lay (Enterprise Rd to International Rd),2024-09-25T11:35:00,1.3328062,103.7083114
2024-09-24,13:45,Junction of Yishun Ave 2 and Yishun Ave 5,2024-09-24T13:45:00,1.4303202,103.8352756
2024-09-23,15:29,Jln Boon Lay (Enterprise Rd to International Rd),2024-09-23T15:29:00,1.3328062,103.7083114
2024-09-17,19:31,Lor Gambir,2024-09-17T19:31:00,1.3455826,103.8755509
2024-08-24,16:55,Junction of Sunset Way and Sunset Walk,2024-08-24T16:55:00,1.3237667,103.7676003
2024-08-24,15:17,Junction of Sunset Way and Sunset Walk,2024-08-24T15:17:00,1.3237667,103.7676003
2024-08-23,21:00,Jln Boon Lay (Enterprise Rd to International Rd),2024-08-23T21:00:00,1.3328062,103.7083114
2024-08-04,14:37,Jln Boon Lay (Enterprise Rd to International Rd),2024-08-04T14:37:00,1.3328062,103.7083114
2024-07-31,17:44,Craig Rd (Duxton Rd to TG Pagar Rd),2024-07-31T17:44:00,1.2774895,103.8429205
2024-07-12,15:42,Langsat Rd (Everitt Rd North to Lor 106 Changi),2024-07-12T15:42:00,1.3450101,103.9832089
2024-07-12,15:42,Lor 105 Changi,2024-07-12T15:42:00,1.3164609,103.9026964
2024-07-12,15:38,Aljunied Rd under PIE Flyover,2024-07-12T15:38:00,1.3223031,103.8814376
2024-07-12,15:36,Upp Paya Lebar Service Rd (Lim Teck Boo Rd to Rochdale Rd),2024-07-12T15:36:00,1.3434527,103.8848148
2024-07-12,15:36,Jln Lokam (near Upp Paya Lebar Rd),2024-07-12T15:36:00,1.3469012,103.8843356
2024-07-12,15:36,Thrift Dr (near Jln Usaha),2024-07-12T15:36:00,1.3454466,103.8832484
2024-07-07,07:08,Junction of Wan Lee Rd and Enterprise Rd,2024-07-07T07:08:00,1.3332885,103.7054867
2024-07-07,07:03,Jln Boon Lay (Enterprise Rd to International Rd),2024-07-07T07:03:00,1.3328062,103.7083114
2024-06-29,09:08,Craig Rd (Duxton Rd to TG Pagar Rd),2024-06-29T09:08:00,1.2774895,103.8429205
2024-06-22,03:48,Mackenzie Rd (near Bt Timah Rd),2024-06-22T03:48:00,1.3058765,103.8480385
2024-06-22,02:56,Jln Boon Lay (Enterprise Rd to International Rd),2024-06-22T02:56:00,1.3328062,103.7083114
2024-06-21,03:39,Lor Gambir,2024-06-21T03:39:00,1.3455826,103.8755509
2024-06-16,04:06,Jln Pokok Serunai,2024-06-16T04:06:00,1.3139486,103.9364623
2024-06-16,03:38,Mackenzie Rd (near Bt Timah Rd),2024-06-16T03:38:00,1.3058765,103.8480385
2024-06-16,03:31,Craig Rd (Duxton Rd to TG Pagar Rd),2024-06-16T03:31:00,1.2774895,103.8429205
2024-06-16,01:30,Jln Pokok Serunai,2024-06-16T01:30:00,1.3139486,103.9364623
2024-05-14,18:02,Craig Rd (Duxton Rd to TG Pagar Rd),2024-05-14T18:02:00,1.2774895,103.8429205
2024-05-14,17:41,Junction of Toa Payoh Lor 1 and Toa Payoh Lor 2,2024-05-14T17:41:00,1.3379277,103.8450404
2024-05-14,17:40,Upp Paya Lebar Service Rd (Lim Teck Boo Rd to Rochdale Rd),2024-05-14T17:40:00,1.3434527,103.8848148
2024-05-14,17:40,Jln Lokam (near Upp Paya Lebar Rd),2024-05-14T17:40:00,1.3469012,103.8843356
2024-05-14,17:40,Thrift Dr (near Jln Usaha),2024-05-14T17:40:00,1.3454466,103.8832484
2024-05-14,17:37,Lor Gambir,2024-05-14T17:37:00,1.3455826,103.8755509
2024-05-14,17:30,Jln Boon Lay (Enterprise Rd to International Rd),2024-05-14T17:30:00,1.3328062,103.7083114
2024-05-04,13:45,Simei Ave (towards PIE) after Tampines Ave 5,2024-05-04T13:45:00,1.3503018,103.9414861
2024-05-04,10:37,Jln Boon Lay (Enterprise Rd to International Rd),2024-05-04T10:37:00,1.3328062,103.7083114
2024-05-04,10:30,Junction of Wan Lee Rd and Enterprise Rd,2024-05-04T10:30:00,1.3332885,103.7054867
2024-05-04,08:17,Jln Pokok Serunai,2024-05-04T08:17:00,1.3139486,103.9364623
2024-05-04,08:10,TPE (Punggol West Flyover),2024-05-04T08:10:00,1.3984457,103.9072046
2024-05-04,07:54,Upp Paya Lebar Service Rd (Lim Teck Boo Rd to Rochdale Rd),2024-05-04T07:54:00,1.3434527,103.8848148
2024-05-04,07:54,Jln Lokam (near Upp Paya Lebar Rd),2024-05-04T07:54:00,1.3469012,103.8843356
2024-05-04,07:54,Thrift Dr (near Jln Usaha),2024-05-04T07:54:00,1.3454466,103.8832484
2024-05-04,07:06,Craig Rd (Duxton Rd to TG Pagar Rd),2024-05-04T07:06:00,1.2774895,103.8429205
2024-05-04,06:54,Jln Seaview,2024-05-04T06:54:00,1.300828,103.8959163
2024-05-04,06:54,Junction of Mtbatten Rd and TG Katong Rd South,2024-05-04T06:54:00,1.3020149,103.8970382
2024-04-21,15:35,Jln Boon Lay (Enterprise Rd to International Rd),2024-04-21T15:35:00,1.3328062,103.7083114
2024-04-20,17:13,Craig Rd (Duxton Rd to TG Pagar Rd),2024-04-20T17:13:00,1.2774895,103.8429205
2024-04-14,13:45,Jalan Boonlay (Bus stop B21339),2024-04-14T13:45:00,1.3345836,103.7087608
2024-04-12,09:11,Upper Paya Lebar Rd,2024-04-12T09:11:00,1.343063,103.8828648
2024-04-12,09:10,Lor Gambir (Le Gambir),2024-04-12T09:10:00,1.3452791,103.875606
2024-04-12,09:03,TPE Slip Rd (Punggol West Flyover),2024-04-12T09:03:00,1.4000311,103.895948
2024-04-08,15:06,Jalan Boonlay (Bus stop B21339),2024-04-08T15:06:00,1.3345836,103.7087608
2024-04-08,14:50,Lor Gambir (Le Gambir),2024-04-08T14:50:00,1.3452791,103.875606
2024-04-04,16:02,Aljunied Rd (Hong Leong NKF),2024-04-04T16:02:00,1.3202831,103.8822002
2024-04-04,15:54,Puay Hee Ave/ Siak Kew Ave,2024-04-04T15:54:00,1.3297244,103.8701933
2024-04-04,15:22,Upper Paya Lebar Rd,2024-04-04T15:22:00,1.343063,103.8828648
2024-04-04,15:16,Lor Gambir (Le Gambir),2024-04-04T15:16:00,1.3452791,103.875606
2024-03-31,18:36,Woodlands Rd / KJE,2024-03-31T18:36:00,38.1107149,-78.5159043
2024-03-31,18:29,Choa Chu Kang Avenue 1/ Teck Wye Lane,2024-03-31T18:29:00,1.3806509,103.7494502
2024-03-19,16:58,Lor Gambir (Le Gambir),2024-03-19T16:58:00,1.3452791,103.875606
2024-03-19,16:51,Lor Gambir (Le Gambir),2024-03-19T16:51:00,1.3452791,103.875606
2024-03-07,14:35,TPE Slip Rd (Punggol West Flyover),2024-03-07T14:35:00,1.4000311,103.895948
2024-03-05,15:03,Lor Gambir (Le Gambir),2024-03-05T15:03:00,1.3452791,103.875606
2024-03-05,14:28,Lor Gambir (Le Gambir),2024-03-05T14:28:00,1.3452791,103.875606
2024-03-05,14:15,Lor 2 Toa Payoh (Braddell MRT),2024-03-05T14:15:00,1.3406792,103.8472157
2024-03-05,00:20,TPE Slip Rd (Punggol West Flyover),2024-03-05T00:20:00,1.4000311,103.895948
2024-03-04,23:11,Tanjong Pagar Rd/Craig Rd,2024-03-04T23:11:00,1.2773671,103.8435963
2024-02-13,13:29,Jln Seaview,2024-02-13T13:29:00,1.300828,103.8959163
2024-02-13,13:02,Bayshore Park OD (Jln Pokok Serunai),2024-02-13T13:02:00,1.3112958,103.9353326
2024-02-13,12:57,Langsat Rd/ Lor 105 Changi,2024-02-13T12:57:00,1.3153841,103.9028984
2024-02-12,12:29,Jurong Industrial Estate OD (Jln Buroh),2024-02-12T12:29:00,1.3136265,103.6560055
2024-02-12,12:11,Bedok Canal (Upper Changi Rd),2024-02-12T12:11:00,1.3280017,103.9534213
2024-02-12,12:03,Siglap Canal (Frankel Walk),2024-02-12T12:03:00,1.3173168,103.9148755
2024-02-12,12:01,Bedok Canal(Upper Changi Rd East),2024-02-12T12:01:00,1.3280017,103.9534213
2024-02-12,11:56,Jln Nipah,2024-02-12T11:56:00,1.3258294,103.9525996
2024-02-12,11:49,Bedok Canal 3rd SD (Bedok Rd),2024-02-12T11:49:00,1.3280017,103.9534213
2024-02-11,12:07,Jurong Industrial Estate OD (Jln Buroh),2024-02-11T12:07:00,1.3136265,103.6560055
2024-02-06,17:52,TPE Slip Rd (Punggol West Flyover),2024-02-06T17:52:00,1.4000311,103.895948
2024-02-06,17:39,Bayshore Park OD (Jln Pokok Serunai),2024-02-06T17:39:00,1.3112958,103.9353326
2024-02-06,17:15,Upper Paya Lebar Rd,2024-02-06T17:15:00,1.343063,103.8828648
2024-02-06,17:01,Lor Gambir (Le Gambir),2024-02-06T17:01:00,1.3452791,103.875606
2024-02-03,18:14,Sunset Dr/Sunset way,2024-02-03T18:14:00,,
2024-02-03,18:13,Bukit Timah Rd/ Blackmore Dr,2024-02-03T18:13:00,1.3357302,103.7835641
2024-02-03,18:09,Bt Timah Canal (Sime Darby Centre),2024-02-03T18:09:00,1.3367436,103.7837031
2024-02-03,18:05,Bt Timah Canal (Rifle Range Rd),2024-02-03T18:05:00,1.3441772,103.7800103
2024-02-03,18:04,Dunearn Rd (Sime Darby Centre),2024-02-03T18:04:00,1.3367436,103.7837031
2024-02-03,18:03,Sunset Dr/Sunset way,2024-02-03T18:03:00,,
2024-02-03,18:02,Yuan Ching Rd / Yung Kuang Rd,2024-02-03T18:02:00,1.3314203,103.724909
2024-02-03,17:58,Jalan Boonlay (Bus stop B21339),2024-02-03T17:58:00,1.3345836,103.7087608
2024-02-03,17:56,Sg Tengah/Sg Tengah Agrotechnology Pk,2024-02-03T17:56:00,1.3551762,103.7314689
2024-02-03,17:53,Lor Kismis (Unit 2),2024-02-03T17:53:00,1.3386162,103.771476
2024-02-03,17:53,Eng Kong Place (Unit 65),2024-02-03T17:53:00,1.3345234,103.7667752
2024-01-25,14:21,Bayshore Park OD (Jln Pokok Serunai),2024-01-25T14:21:00,1.3112958,103.9353326
2024-01-24,22:14,Fort Rd / Katong Pk,2024-01-24T22:14:00,1.2983375,103.8854793
2024-01-24,21:44,Lor Gambir (Le Gambir),2024-01-24T21:44:00,1.3452791,103.875606
2024-01-24,21:09,Tanjong Pagar Rd/Craig Rd,2024-01-24T21:09:00,1.2773671,103.8435963
2024-01-24,20:54,Tanjong Pagar Rd/Craig Rd,2024-01-24T20:54:00,1.2773671,103.8435963
2024-01-24,20:30,Dunearn Rd / Hillcrest Rd,2024-01-24T20:30:00,1.3275983,103.8058663
2024-01-24,20:25,Puay Hee Ave/ Siak Kew Ave,2024-01-24T20:25:00,1.3297244,103.8701933
2024-01-24,20:24,Aljunied Rd (Hong Leong NKF),2024-01-24T20:24:00,1.3202831,103.8822002
2024-01-24,20:24,Happy Ave North /Happy Ave Ctrl,2024-01-24T20:24:00,1.3310617,103.8810144
2024-01-24,20:14,Lor Gambir (Le Gambir),2024-01-24T20:14:00,1.3452791,103.875606
2024-01-24,17:30,Happy Ave North /Happy Ave Ctrl,2024-01-24T17:30:00,1.3310617,103.8810144
2024-01-24,17:24,Lor Gambir (Le Gambir),2024-01-24T17:24:00,1.3452791,103.875606
2024-01-24,16:24,Sg Tengah/Sg Tengah Agrotechnology Pk,2024-01-24T16:24:00,1.3551762,103.7314689
2024-01-24,16:19,Choa Chu Kang Avenue 1/ Teck Wye Lane,2024-01-24T16:19:00,1.3806509,103.7494502
2024-01-24,15:58,Jalan Boonlay (Bus stop B21339),2024-01-24T15:58:00,1.3345836,103.7087608
2024-01-24,15:47,Neo Pee Teck Lane / Pasir Panjang Rd,2024-01-24T15:47:00,1.2920872,103.7685901
2024-01-23,16:09,TPE Slip Rd (Punggol West Flyover),2024-01-23T16:09:00,1.4000311,103.895948
2024-01-14,15:33,Sg Tengah (Jln Piring),2024-01-14T15:33:00,1.3776321,103.7172475
2024-01-12,12:05,Tuas View OD3 (Tuas South Ave 1),2024-01-12T12:05:00,1.3138196,103.6257365
2024-01-12,11:55,Tuas View OD3 (Tuas South Ave 1),2024-01-12T11:55:00,1.3138196,103.6257365
2024-01-12,11:14,Tuas View OD3 (Tuas South Ave 1),2024-01-12T11:14:00,1.3138196,103.6257365
