timestamp,wind_direction,wind_speed,temperature,rainfall,humidity
2025-04-01 17:00:00,274.373,3.97514,,,
2025-04-01 19:00:00,294.725,2.63807,29.2844,0.0,79.1479
2025-04-01 20:00:00,20.1115,1.57419,28.8331,0.0,80.3181
2025-04-01 21:00:00,73.8698,3.44357,28.7062,0.0,81.252
2025-04-01 22:00:00,113.964,3.23703,28.6453,0.0,79.5856
2025-04-01 23:00:00,88.8711,2.09157,28.1679,0.0,84.1488
2025-04-02 00:00:00,89.5601,2.28185,27.9765,0.0,86.3795
2025-04-02 01:00:00,68.6655,4.29097,27.4859,0.0,89.5116
2025-04-02 02:00:00,89.6543,3.10175,27.4776,0.0,90.1885
2025-04-02 03:00:00,91.9705,3.18177,27.2107,0.0,90.4895
2025-04-02 04:00:00,77.5813,2.88436,26.9312,0.0,91.9835
2025-04-02 05:00:00,67.4729,4.20646,26.635,0.0,92.4449
2025-04-02 06:00:00,49.6881,2.4345,26.2221,0.0,92.7393
2025-04-02 07:00:00,352.029,6.62304,22.7218,0.2,98.0413
2025-04-02 08:00:00,7.32034,5.53263,23.3876,0.0,97.8733
2025-04-02 09:00:00,12.7434,4.82636,23.7013,0.2,94.153
2025-04-02 10:00:00,31.7145,2.11536,24.2944,0.0,92.9237
2025-04-02 11:00:00,352.095,1.92322,25.4137,0.0,84.8221
2025-04-02 12:00:00,343.112,3.59389,27.8154,0.0,75.9077
2025-04-02 13:00:00,305.774,3.29127,29.489,0.0,71.7059
2025-04-02 14:00:00,340.559,4.85221,30.8296,0.0,66.33
2025-04-02 15:00:00,325.079,7.54684,29.6322,0.0,72.3802
2025-04-02 16:00:00,284.169,4.88316,30.1329,0.0,71.1714
2025-04-02 17:00:00,306.211,5.31461,31.3778,0.0,63.9671
2025-04-02 18:00:00,278.502,5.34957,30.0245,0.0,73.285
2025-04-02 19:00:00,279.382,3.15983,29.166,0.0,75.9557
2025-04-02 20:00:00,76.9216,4.09902,28.0483,0.0,82.9712
2025-04-02 21:00:00,80.7697,4.4755,27.5603,0.0,85.3905
2025-04-02 22:00:00,95.3619,5.39119,26.9102,0.0,85.4905
2025-04-02 23:00:00,75.9978,3.77833,26.8377,0.0,85.672
2025-04-03 00:00:00,105.95,2.94583,27.0862,0.0,83.8998
2025-04-03 01:00:00,72.86,3.92786,26.9083,0.0,87.2926
2025-04-03 02:00:00,37.1523,6.72907,25.2277,0.2,95.3676
2025-04-03 03:00:00,61.9379,5.65905,23.9969,0.0,96.7152
2025-04-03 04:00:00,99.4349,4.23758,24.4527,0.0,91.7991
2025-04-03 05:00:00,90.334,1.60632,25.0084,0.0,87.9406
2025-04-03 06:00:00,90.0292,1.67809,24.7856,0.0,87.4619
2025-04-03 07:00:00,70.5509,2.9501,24.4526,0.0,92.8256
2025-04-03 08:00:00,89.6711,2.28675,24.9559,0.0,92.0287
2025-04-03 09:00:00,123.897,3.62658,26.7521,0.0,82.2686
2025-04-03 10:00:00,137.753,3.8276,28.8292,0.0,65.8535
2025-04-03 11:00:00,95.8335,4.84489,29.8274,0.0,62.6324
2025-04-03 12:00:00,65.0911,5.44552,31.1649,0.0,59.0804
2025-04-03 13:00:00,93.6958,3.36818,30.8771,0.0,64.0557
2025-04-03 14:00:00,144.049,2.16559,32.2765,0.0,58.557
2025-04-03 15:00:00,340.583,4.74229,29.6211,0.0,73.6741
2025-04-03 16:00:00,252.28,2.6995,31.7831,0.0,64.0333
2025-04-03 17:00:00,198.931,3.81087,30.245,0.0,71.7278
2025-04-03 18:00:00,109.049,6.36027,26.0659,0.0,91.7358
2025-04-03 19:00:00,41.4811,2.61091,25.4094,0.4,95.46
2025-04-03 20:00:00,94.6173,2.5295,25.3059,0.0,98.5081
2025-04-03 21:00:00,91.6748,1.11287,25.816,0.0,95.2773
2025-04-03 22:00:00,1.92333,1.02053,25.7768,0.0,95.3104
2025-04-03 23:00:00,59.6007,4.02152,26.0331,0.0,94.6647
2025-04-04 00:00:00,47.577,3.08177,26.1645,0.0,94.0496
2025-04-04 01:00:00,79.0819,1.7225,26.3114,0.0,93.4469
2025-04-04 02:00:00,61.3913,3.17289,26.2743,0.0,92.3075
2025-04-04 03:00:00,353.326,2.64423,25.7964,0.0,96.448
2025-04-04 04:00:00,10.7192,2.10523,25.6757,0.0,97.4703
2025-04-04 05:00:00,44.1046,1.5956,25.6564,0.0,97.4628
2025-04-04 06:00:00,34.7351,1.80952,25.523,0.0,97.366
2025-04-04 07:00:00,2.83293,1.47384,25.46,0.0,98.2346
2025-04-04 08:00:00,19.8665,0.75627,25.8005,0.0,97.0326
2025-04-04 09:00:00,16.7968,3.45059,26.8528,0.0,94.2546
2025-04-04 10:00:00,20.37,2.69426,27.3488,0.0,91.5615
2025-04-04 11:00:00,76.6128,3.66089,29.8836,0.0,73.2244
2025-04-04 12:00:00,336.287,1.54979,30.3726,0.0,71.3728
2025-04-04 13:00:00,195.101,4.32302,24.4208,0.2,
2025-04-04 14:00:00,73.3165,2.94791,25.217,0.0,99.1216
2025-04-04 15:00:00,86.9395,4.9841,25.7978,0.0,97.001
2025-04-04 16:00:00,106.702,2.82113,25.5034,0.0,95.8616
2025-04-04 17:00:00,79.2445,2.01369,25.5348,0.0,96.1184
2025-04-04 18:00:00,99.0063,2.54852,26.1103,0.0,94.7791
2025-04-04 19:00:00,91.1442,3.11537,26.2707,0.0,94.9565
2025-04-04 20:00:00,93.9675,2.59799,26.3241,0.0,93.2189
2025-04-04 21:00:00,116.223,2.88794,26.2715,0.0,94.5957
2025-04-04 22:00:00,91.9546,2.00468,26.2643,0.0,95.1318
2025-04-04 23:00:00,89.2297,2.2002,26.2334,0.0,94.7091
2025-04-05 00:00:00,52.5283,2.79937,25.7895,0.0,96.5043
2025-04-05 01:00:00,69.1531,4.51059,25.6659,0.0,96.7242
2025-04-05 02:00:00,44.8808,2.34606,25.3747,0.0,97.5549
2025-04-05 03:00:00,10.1855,2.46694,25.1966,0.0,97.7456
2025-04-05 04:00:00,44.7272,2.02624,25.1615,0.0,97.4825
2025-04-05 05:00:00,6.16366,2.20474,25.1962,0.0,96.3922
2025-04-05 06:00:00,52.8143,4.0085,25.0241,0.0,96.7646
2025-04-05 07:00:00,47.6246,4.15798,24.5008,1.2,98.2968
2025-04-05 08:00:00,263.146,3.28996,24.461,0.0,99.131
2025-04-05 09:00:00,168.552,2.41277,24.542,0.0,96.5935
2025-04-05 10:00:00,126.388,2.88019,25.853,0.0,90.3928
2025-04-05 11:00:00,81.5751,4.39982,28.9736,0.0,77.1841
2025-04-05 12:00:00,101.157,5.18094,29.7972,0.0,70.3389
2025-04-05 13:00:00,80.0081,5.80422,30.5894,0.0,65.3809
2025-04-05 14:00:00,45.6418,4.19266,30.8774,0.0,64.7163
2025-04-05 15:00:00,350.028,5.92419,31.5511,0.0,57.0243
2025-04-05 16:00:00,298.515,4.87247,30.9516,0.0,71.8909
2025-04-05 17:00:00,266.038,5.47154,30.4316,0.0,75.244
2025-04-05 18:00:00,260.64,5.50944,29.0598,0.0,79.8781
2025-04-05 19:00:00,14.5818,4.28906,26.7406,0.2,95.3778
2025-04-05 20:00:00,345.384,5.24915,24.6299,0.0,96.3345
2025-04-05 21:00:00,357.047,1.64026,26.0071,0.0,91.5746
2025-04-05 22:00:00,107.459,1.9483,26.0407,0.0,93.2273
2025-04-05 23:00:00,139.782,2.43105,26.335,0.0,93.1422
2025-04-06 00:00:00,199.431,0.63693,26.6514,0.0,92.0861
2025-04-06 01:00:00,101.449,1.2772,26.5693,0.0,92.9626
2025-04-06 02:00:00,5.67764,1.50328,25.9193,0.0,95.632
2025-04-06 03:00:00,57.9895,0.97109,26.4234,0.0,94.0773
2025-04-06 04:00:00,92.2268,1.24053,26.3365,0.0,93.8656
2025-04-06 05:00:00,55.6543,1.79613,26.0412,0.0,95.7462
2025-04-06 06:00:00,63.773,3.3903,25.8744,0.0,96.4885
2025-04-06 07:00:00,1.45593,1.87629,25.5006,0.0,98.8031
2025-04-06 08:00:00,24.235,2.35184,25.8364,0.0,97.931
2025-04-06 09:00:00,51.9123,2.75916,27.2738,0.0,90.0828
2025-04-06 10:00:00,67.8636,4.86494,29.1899,0.0,79.6931
2025-04-06 11:00:00,77.1971,5.70197,29.9487,0.0,71.0369
2025-04-06 12:00:00,63.3752,3.94856,30.4225,0.0,69.9071
2025-04-06 13:00:00,81.5963,5.07004,32.1341,0.0,62.0261
2025-04-06 14:00:00,69.0371,5.24674,32.8888,0.0,58.7949
2025-04-06 15:00:00,120.128,5.32144,31.9835,0.0,62.7527
2025-04-06 16:00:00,107.666,6.12134,32.0447,0.0,63.4656
2025-04-06 17:00:00,92.2035,4.22055,30.9739,0.0,66.7109
2025-04-06 18:00:00,352.369,3.01595,29.0933,0.0,80.4594
2025-04-06 19:00:00,60.8462,2.9192,28.8198,0.0,81.6049
2025-04-06 20:00:00,45.608,2.18551,27.8446,0.0,89.3463
2025-04-06 21:00:00,56.0475,1.09614,27.6061,0.0,88.8765
2025-04-06 22:00:00,57.0146,2.8366,27.6638,0.0,84.6398
2025-04-06 23:00:00,75.8969,4.76267,27.4678,0.0,85.0483
2025-04-07 00:00:00,71.2832,4.44502,26.4922,0.0,86.5643
2025-04-07 01:00:00,68.9626,4.47476,26.1199,0.0,90.481
2025-04-07 02:00:00,64.3894,3.26135,25.8442,0.0,90.8571
2025-04-07 03:00:00,67.3967,3.05944,25.7,0.0,91.9825
2025-04-07 04:00:00,47.4458,1.63028,25.5184,0.0,93.6307
2025-04-07 05:00:00,67.7446,3.13256,25.5233,0.0,93.0559
2025-04-07 06:00:00,65.0848,2.83555,25.643,0.0,92.7548
2025-04-07 07:00:00,62.7031,3.40113,25.4511,0.0,93.2002
2025-04-07 08:00:00,54.9424,2.70043,25.4555,0.0,93.6244
2025-04-07 09:00:00,38.6972,1.93317,25.8615,0.0,92.3201
2025-04-07 10:00:00,19.7008,4.10019,26.3569,0.0,91.0059
2025-04-07 11:00:00,12.6408,1.83272,26.5591,0.0,89.7924
2025-04-07 12:00:00,42.5368,1.8712,26.5794,0.0,91.2697
2025-04-07 13:00:00,62.0749,4.0831,24.7272,2.6,99.934
2025-04-07 14:00:00,50.2361,1.62662,25.1737,0.0,
2025-04-07 15:00:00,63.7735,3.79657,26.4614,0.0,92.2083
2025-04-07 16:00:00,60.0854,5.85638,27.9527,0.0,83.8433
2025-04-07 17:00:00,64.2057,5.79278,28.5969,0.0,78.8137
2025-04-07 18:00:00,66.9313,4.7783,28.311,0.0,79.0507
2025-04-07 19:00:00,67.802,4.63016,27.846,0.0,82.4065
2025-04-07 20:00:00,78.1292,3.24236,27.3765,0.0,83.6348
2025-04-07 21:00:00,98.0055,2.26239,27.0895,0.0,87.0273
2025-04-07 22:00:00,82.2518,1.95808,26.7268,0.0,89.1108
2025-04-07 23:00:00,66.2946,4.05397,26.1586,0.0,92.0521
2025-04-08 00:00:00,55.0743,2.45778,26.0802,0.0,93.431
2025-04-08 01:00:00,51.0118,2.76071,25.762,0.0,94.4891
2025-04-08 02:00:00,348.847,2.38585,25.2752,0.0,97.6761
2025-04-08 03:00:00,27.1372,1.12968,25.4706,0.0,94.9058
2025-04-08 04:00:00,6.88336,2.21058,25.0644,0.0,97.7021
2025-04-08 05:00:00,344.364,4.35735,24.9392,0.0,98.2539
2025-04-08 06:00:00,355.5,1.68281,25.0241,0.0,98.3195
2025-04-08 07:00:00,68.3739,1.71236,25.2675,0.0,97.6064
2025-04-08 08:00:00,135.269,1.09182,25.5725,0.2,95.558
2025-04-08 09:00:00,59.7603,2.44551,25.4614,0.0,98.1256
2025-04-08 10:00:00,56.5393,2.14931,26.0746,0.0,98.1259
2025-04-08 11:00:00,102.757,2.08434,26.9749,0.0,93.2823
2025-04-08 12:00:00,77.1082,4.97179,27.7012,0.0,89.9602
2025-04-08 13:00:00,77.9326,5.76019,28.168,0.0,84.7769
2025-04-08 14:00:00,74.2156,4.79804,28.7396,0.0,80.3959
2025-04-08 15:00:00,74.8004,5.33309,28.9348,0.0,78.1637
2025-04-08 16:00:00,73.7448,4.62232,29.1208,0.0,75.3293
2025-04-08 17:00:00,98.3988,2.80468,28.9433,0.0,76.2109
2025-04-08 18:00:00,111.452,3.02456,28.837,0.0,77.9314
2025-04-08 19:00:00,96.0088,2.48391,28.1627,0.0,83.5034
2025-04-08 20:00:00,112.074,3.43527,27.6391,0.0,86.1031
2025-04-08 21:00:00,113.029,2.97369,27.1847,0.0,89.0934
2025-04-08 22:00:00,66.736,1.97082,26.824,0.0,90.0645
2025-04-08 23:00:00,62.7397,3.00868,26.4328,0.0,92.6807
2025-04-09 00:00:00,77.3732,3.34383,26.5186,0.0,91.3328
2025-04-09 01:00:00,76.3929,3.19361,26.2071,0.0,93.1089
2025-04-09 02:00:00,83.1412,2.76302,26.2835,0.0,93.3898
2025-04-09 03:00:00,79.5754,2.13484,26.1362,0.0,93.5873
2025-04-09 04:00:00,67.856,3.21436,25.893,0.0,94.7499
2025-04-09 05:00:00,91.3594,1.9084,25.9182,0.0,94.6334
2025-04-09 06:00:00,95.0312,2.07421,25.9126,0.0,94.7338
2025-04-09 07:00:00,75.4163,3.02723,25.6665,0.0,95.9878
2025-04-09 08:00:00,77.3459,3.30621,26.1612,0.0,93.0591
2025-04-09 09:00:00,76.0002,3.77661,27.5588,0.0,86.2283
2025-04-09 10:00:00,59.0974,4.94068,29.4129,0.0,76.1881
2025-04-09 11:00:00,82.3682,2.30716,30.3815,0.0,70.3208
2025-04-09 12:00:00,140.166,3.27674,31.0737,0.0,66.4396
2025-04-09 13:00:00,274.326,4.06377,28.269,0.4,86.6924
2025-04-09 14:00:00,147.335,7.28957,28.9265,0.0,80.8477
2025-04-09 15:00:00,147.925,5.82318,27.48,0.0,84.068
2025-04-09 16:00:00,147.531,2.31147,29.176,0.0,72.1152
2025-04-09 17:00:00,134.274,5.14418,28.6957,0.0,77.6851
2025-04-09 18:00:00,79.426,3.70012,28.8014,0.0,81.9501
2025-04-09 19:00:00,53.141,2.42751,28.0698,0.0,84.4377
2025-04-09 20:00:00,251.737,2.31117,27.0824,0.0,92.5881
2025-04-09 21:00:00,39.3465,1.00841,24.6673,0.0,
2025-04-09 22:00:00,125.142,3.25093,25.402,0.0,
2025-04-09 23:00:00,47.6208,1.89407,25.3199,0.0,97.9402
2025-04-10 00:00:00,13.7827,1.71391,26.1792,0.0,93.9501
2025-04-10 01:00:00,354.984,2.71337,25.9507,0.0,94.2026
2025-04-10 02:00:00,328.849,2.9827,25.8479,0.0,96.1022
2025-04-10 03:00:00,346.827,2.65649,25.3227,0.0,99.2969
2025-04-10 04:00:00,358.119,3.35228,25.1155,0.0,98.6594
2025-04-10 05:00:00,353.78,2.72994,25.1397,0.0,96.8354
2025-04-10 06:00:00,3.11118,2.42463,24.9803,0.0,96.2924
2025-04-10 07:00:00,328.058,3.1304,25.4132,0.0,94.5557
2025-04-10 08:00:00,331.086,2.37805,26.1596,0.0,93.6698
2025-04-10 09:00:00,30.7503,1.22656,27.2737,0.0,89.0968
2025-04-10 10:00:00,0.74201,3.8428,28.4779,0.0,83.8339
2025-04-10 11:00:00,321.362,4.49837,29.5298,0.0,71.7034
2025-04-10 12:00:00,319.158,4.25036,29.8833,0.0,70.3243
2025-04-10 13:00:00,268.244,4.28585,30.1086,0.0,70.675
2025-04-10 14:00:00,236.928,3.38218,31.3151,0.0,64.1674
2025-04-10 15:00:00,239.083,5.25403,31.5626,0.0,60.9976
2025-04-10 16:00:00,240.466,5.40827,32.2136,0.0,58.2486
2025-04-10 17:00:00,247.505,3.56902,31.8606,0.0,59.3332
2025-04-10 18:00:00,325.479,2.36832,30.5073,0.0,68.4128
2025-04-10 19:00:00,65.1864,5.50461,28.4125,0.0,82.566
2025-04-10 20:00:00,70.2948,4.73059,27.1361,0.0,87.4517
2025-04-10 21:00:00,138.955,2.73479,27.3196,0.0,85.7552
2025-04-10 22:00:00,103.766,2.24043,27.6416,0.0,84.5767
2025-04-10 23:00:00,93.5516,1.97434,27.3176,0.0,87.1176
2025-04-11 00:00:00,132.843,2.93458,27.0898,0.0,87.0177
2025-04-11 01:00:00,143.024,2.67891,27.6805,0.0,84.1022
2025-04-11 02:00:00,127.425,3.31781,27.2905,0.0,86.4911
2025-04-11 03:00:00,95.4755,2.14133,27.051,0.0,87.4268
2025-04-11 04:00:00,94.2252,1.9179,26.7058,0.0,89.2018
2025-04-11 05:00:00,6.49662,2.03314,25.8856,0.0,94.5024
2025-04-11 06:00:00,319.453,5.84118,26.0324,0.0,90.6671
2025-04-11 07:00:00,320.821,6.53379,25.8811,0.0,90.7153
2025-04-11 08:00:00,313.656,4.75651,26.6422,0.0,86.0533
2025-04-11 09:00:00,335.982,7.35563,25.968,0.0,91.8831
2025-04-11 10:00:00,340.304,4.19428,26.2644,0.0,89.4299
2025-04-11 11:00:00,325.96,4.5712,26.8795,0.0,86.1479
2025-04-11 12:00:00,333.286,7.74941,27.6676,0.0,83.0448
2025-04-11 13:00:00,329.449,9.12277,28.7543,0.0,77.3999
2025-04-11 14:00:00,355.153,8.94031,29.1753,0.0,75.6943
2025-04-11 15:00:00,340.13,7.94011,29.1962,0.0,77.3116
2025-04-11 16:00:00,342.331,6.6833,29.2191,0.0,74.6136
2025-04-11 17:00:00,349.24,7.64484,29.1448,0.0,74.7979
2025-04-11 18:00:00,337.45,5.66857,28.8673,0.0,74.0266
2025-04-11 19:00:00,347.84,6.81663,27.589,0.0,82.3462
2025-04-11 20:00:00,340.86,4.897,27.2414,0.0,86.5491
2025-04-11 21:00:00,338.748,4.65163,27.1237,0.0,86.2932
2025-04-11 22:00:00,347.389,4.20515,27.0933,0.0,87.2109
2025-04-11 23:00:00,326.436,2.54437,27.46,0.0,87.0291
2025-04-12 00:00:00,324.056,4.3451,27.7657,0.0,86.5662
2025-04-12 01:00:00,341.687,4.40756,27.2868,0.0,88.5038
2025-04-12 02:00:00,352.274,3.76606,26.9231,0.0,90.1874
2025-04-12 03:00:00,350.162,2.37124,26.8189,0.0,90.3892
2025-04-12 04:00:00,335.442,3.72639,26.6603,0.0,90.5619
2025-04-12 05:00:00,332.83,3.76562,26.812,0.0,90.585
2025-04-12 06:00:00,353.949,4.19598,26.7476,0.0,89.597
2025-04-12 07:00:00,341.68,4.22461,26.512,0.0,90.2
2025-04-12 08:00:00,333.012,2.79083,27.2414,0.0,88.1355
2025-04-12 09:00:00,341.813,3.58246,28.5492,0.0,83.2214
2025-04-12 10:00:00,355.786,6.39338,29.2553,0.0,77.5474
2025-04-12 11:00:00,9.38547,6.58204,30.035,0.0,72.4305
2025-04-12 12:00:00,342.799,9.22284,31.2549,0.0,65.684
2025-04-12 13:00:00,347.436,7.40779,31.5327,0.0,65.8195
2025-04-12 14:00:00,328.33,7.4213,31.3567,0.0,65.423
2025-04-12 15:00:00,319.613,6.74482,31.8113,0.0,66.1099
2025-04-12 16:00:00,324.534,6.62416,31.4543,0.0,68.3475
2025-04-12 17:00:00,326.455,4.45166,31.974,0.0,69.7284
2025-04-12 18:00:00,43.6755,5.83049,29.3515,0.0,78.3887
2025-04-12 19:00:00,136.392,2.72388,26.7602,0.0,92.6241
2025-04-12 20:00:00,1.52755,2.08897,26.8311,0.0,89.8674
2025-04-12 21:00:00,356.464,2.09715,27.2233,0.0,86.2249
2025-04-12 22:00:00,41.0068,2.74043,26.4464,0.0,94.3921
2025-04-12 23:00:00,12.4347,7.9773,24.1822,0.4,
2025-04-13 00:00:00,292.352,3.2419,24.0275,0.8,
2025-04-13 01:00:00,260.25,3.06239,24.2693,0.0,
2025-04-13 02:00:00,257.347,3.06431,24.3992,0.0,
2025-04-13 03:00:00,19.4869,1.67301,24.7632,0.0,
2025-04-13 04:00:00,59.5338,2.22913,24.9461,0.0,99.0399
2025-04-13 05:00:00,80.701,1.03194,25.1356,0.0,96.8253
2025-04-13 06:00:00,164.82,1.14622,25.3836,0.0,92.6699
2025-04-13 07:00:00,37.6599,2.18238,25.1793,0.0,94.3521
2025-04-13 08:00:00,45.9794,1.94311,25.5913,0.0,95.1968
2025-04-13 09:00:00,332.637,2.92935,26.736,0.0,89.5295
2025-04-13 10:00:00,338.122,3.10972,28.5377,0.0,78.8654
2025-04-13 11:00:00,349.668,4.6117,28.8725,0.0,78.6814
2025-04-13 12:00:00,346.559,3.65617,29.3911,0.0,78.0454
2025-04-13 13:00:00,315.067,11.1349,26.5585,0.0,92.844
2025-04-13 14:00:00,336.803,7.23182,25.5779,1.6,97.9307
2025-04-13 15:00:00,19.8932,1.49524,24.6083,0.4,
2025-04-13 16:00:00,356.617,3.79407,24.7774,0.0,99.4539
2025-04-13 17:00:00,4.38099,1.95947,25.3225,0.0,98.7601
2025-04-13 18:00:00,351.944,3.6449,25.5798,0.0,96.9766
2025-04-13 19:00:00,336.574,2.27535,25.6532,0.0,96.5195
2025-04-13 20:00:00,240.454,1.68372,25.8093,0.0,95.3042
2025-04-13 21:00:00,42.3937,0.6113,25.8408,0.0,95.9867
2025-04-13 22:00:00,17.8025,2.55655,25.8589,0.0,96.4855
2025-04-13 23:00:00,337.985,1.48554,26.2466,0.0,93.6959
2025-04-14 00:00:00,13.3244,1.6129,26.1356,0.0,94.4775
2025-04-14 01:00:00,7.85641,1.78007,26.0172,0.0,94.9382
2025-04-14 02:00:00,5.28123,1.78165,25.8844,0.0,95.3604
2025-04-14 03:00:00,3.9447,2.11067,25.7119,0.0,97.1631
2025-04-14 04:00:00,356.906,1.20733,25.5487,0.0,97.3705
2025-04-14 05:00:00,10.0824,2.49087,25.3069,0.0,97.6278
2025-04-14 06:00:00,36.2702,2.07643,25.2478,0.0,95.4371
2025-04-14 07:00:00,67.8289,2.3704,25.076,0.0,98.4728
2025-04-14 08:00:00,68.5341,1.45967,25.5929,0.0,97.3616
2025-04-14 09:00:00,18.896,2.74792,26.3207,0.0,95.7688
2025-04-14 10:00:00,46.6097,2.76813,28.3125,0.0,86.1276
2025-04-14 11:00:00,22.9799,3.87908,29.8511,0.0,75.3512
2025-04-14 12:00:00,23.8445,2.61336,31.7781,0.0,64.3234
2025-04-14 13:00:00,342.826,3.81549,32.1676,0.0,64.2922
2025-04-14 14:00:00,78.0,3.5,32.5,0.0,59.9
2025-04-14 15:00:00,60.0,2.9,33.2,0.0,55.9
2025-04-14 16:00:00,203.0,3.5,30.7,0.0,73.8
2025-04-14 17:00:00,202.0,5.4,30.1,0.0,77.4
2025-04-14 18:00:00,189.0,2.3,30.8,0.0,74.6
2025-04-14 19:00:00,105.0,4.4,29.6,0.0,77.1
2025-04-14 20:00:00,98.0,4.2,28.7,0.0,80.8
2025-04-14 21:00:00,87.0,6.2,28.2,0.0,84.7
2025-04-14 22:00:00,77.0,3.9,27.9,0.0,85.8
2025-04-14 23:00:00,96.0,2.9,27.5,0.0,89.7
2025-04-15 00:00:00,100.0,3.2,27.3,0.0,90.3
2025-04-15 01:00:00,103.0,3.6,27.1,0.0,91.6
2025-04-15 02:00:00,104.0,4.2,26.9,0.0,91.9
2025-04-15 03:00:00,106.0,1.8,27.0,0.0,91.2
2025-04-15 04:00:00,72.0,2.3,26.8,0.0,92.0
2025-04-15 05:00:00,124.0,1.0,26.9,0.0,91.3
2025-04-15 06:00:00,143.0,1.2,27.1,0.0,89.4
2025-04-15 07:00:00,33.0,1.7,26.7,0.0,92.2
2025-04-15 08:00:00,2.0,1.2,26.7,0.0,92.9
2025-04-15 09:00:00,6.0,2.1,27.1,0.0,94.3
2025-04-15 10:00:00,55.0,2.8,29.2,0.0,80.8
2025-04-15 11:00:00,1.0,3.6,30.2,0.0,74.4
2025-04-15 12:00:00,64.0,2.5,31.9,0.0,65.2
2025-04-15 13:00:00,113.0,2.6,31.9,0.0,63.5
2025-04-15 14:00:00,186.0,4.2,31.0,0.0,71.7
2025-04-15 15:00:00,216.0,3.7,30.0,0.0,76.1
2025-04-15 16:00:00,44.0,2.6,27.2,0.0,77.7
2025-04-15 17:00:00,154.0,3.3,26.3,0.0,92.6
2025-04-15 18:00:00,134.0,2.8,26.8,0.0,89.8
2025-04-15 19:00:00,102.0,4.8,26.3,0.0,94.9
2025-04-15 20:00:00,137.0,5.0,25.3,0.0,95.4
2025-04-15 21:00:00,103.0,2.2,25.9,0.0,91.6
2025-04-15 22:00:00,25.0,2.2,25.3,0.0,96.9
2025-04-15 23:00:00,112.0,0.5,26.7,0.0,91.2
2025-04-16 00:00:00,68.0,1.3,26.1,0.0,92.3
2025-04-16 01:00:00,64.0,3.2,25.9,0.0,95.4
2025-04-16 02:00:00,67.0,2.4,26.0,0.0,96.3
2025-04-16 03:00:00,182.0,0.6,26.4,0.0,94.3
2025-04-16 04:00:00,30.0,0.8,26.4,0.0,92.4
2025-04-16 05:00:00,113.0,1.0,26.1,0.0,94.2
2025-04-16 06:00:00,47.0,1.4,26.0,0.0,96.4
2025-04-16 07:00:00,45.0,3.0,25.6,0.0,98.6
2025-04-16 08:00:00,57.0,2.7,26.0,0.0,97.1
2025-04-16 09:00:00,25.0,1.6,27.9,0.0,88.6
2025-04-16 10:00:00,53.0,2.5,29.1,0.0,83.1
2025-04-16 11:00:00,351.0,3.2,29.7,0.0,76.6
2025-04-16 12:00:00,16.0,3.9,30.7,0.0,67.7
2025-04-16 13:00:00,355.0,4.6,31.1,0.0,66.9
2025-04-16 14:00:00,305.0,4.6,32.2,0.0,66.3
2025-04-16 15:00:00,326.0,5.8,32.2,0.0,67.9
2025-04-16 16:00:00,310.0,6.5,32.6,0.0,64.4
2025-04-16 17:00:00,314.0,3.5,30.8,0.0,72.0
2025-04-16 18:00:00,351.0,2.1,30.0,0.0,76.3
2025-04-16 19:00:00,95.0,2.9,28.8,0.0,81.1
2025-04-16 20:00:00,96.0,3.5,28.2,0.0,83.8
2025-04-16 21:00:00,72.0,4.7,26.9,0.0,89.9
2025-04-16 22:00:00,84.0,4.1,26.7,0.0,89.8
2025-04-16 23:00:00,84.0,3.7,26.7,0.0,89.6
2025-04-17 00:00:00,62.0,4.5,26.2,0.0,91.6
2025-04-17 01:00:00,62.0,3.9,25.9,0.0,90.2
2025-04-17 02:00:00,333.0,5.3,26.1,0.0,86.0
2025-04-17 03:00:00,334.0,9.1,23.8,1.2,
2025-04-17 04:00:00,340.0,6.5,23.0,0.2,
2025-04-17 05:00:00,11.0,4.3,23.7,0.0,98.4
2025-04-17 06:00:00,58.0,5.2,23.6,0.0,99.8
2025-04-17 07:00:00,85.0,3.5,23.7,0.0,98.8
2025-04-17 08:00:00,102.0,3.6,24.0,0.0,93.9
2025-04-17 09:00:00,141.0,2.8,24.9,0.0,87.6
2025-04-17 10:00:00,63.0,3.7,25.9,0.0,84.8
2025-04-17 11:00:00,55.0,2.7,26.8,0.0,78.3
2025-04-17 12:00:00,349.0,4.2,28.2,0.0,73.8
2025-04-17 13:00:00,349.0,7.1,29.0,0.0,74.7
2025-04-17 14:00:00,348.0,6.7,29.8,0.0,72.2
2025-04-17 15:00:00,334.0,8.6,30.5,0.0,68.6
2025-04-17 16:00:00,336.0,6.8,31.7,0.0,64.7
2025-04-17 17:00:00,342.0,6.2,31.5,0.0,64.2
2025-04-17 18:00:00,332.0,6.7,31.0,0.0,63.9
2025-04-17 19:00:00,345.0,4.7,29.9,0.0,65.3
2025-04-17 20:00:00,354.0,2.6,29.0,0.0,73.6
2025-04-17 21:00:00,349.0,3.9,28.4,0.0,77.7
2025-04-17 22:00:00,31.0,1.6,27.9,0.0,80.0
2025-04-17 23:00:00,114.0,3.3,27.6,0.0,83.0
2025-04-18 00:00:00,113.0,2.7,27.2,0.0,85.2
2025-04-18 01:00:00,99.0,2.8,27.2,0.0,86.0
2025-04-18 02:00:00,68.0,2.4,26.8,0.0,89.4
2025-04-18 03:00:00,67.0,3.6,26.6,0.0,90.4
2025-04-18 04:00:00,75.0,2.2,26.4,0.0,91.7
2025-04-18 05:00:00,84.0,2.2,26.3,0.0,92.9
2025-04-18 06:00:00,71.0,3.4,26.1,0.0,94.5
2025-04-18 07:00:00,73.0,2.1,26.1,0.0,94.0
2025-04-18 08:00:00,83.0,2.3,26.7,0.0,92.4
2025-04-18 09:00:00,64.0,3.4,28.5,0.0,83.6
2025-04-18 10:00:00,40.0,2.3,29.7,0.0,77.8
2025-04-18 11:00:00,17.0,2.7,30.9,0.0,71.7
2025-04-18 12:00:00,72.0,2.7,32.2,0.0,63.9
2025-04-18 13:00:00,346.0,4.1,32.1,0.0,64.9
2025-04-18 14:00:00,313.0,5.7,32.5,0.0,66.2
2025-04-18 15:00:00,324.0,2.6,31.4,0.0,72.8
2025-04-18 16:00:00,273.0,4.5,32.2,0.0,71.4
2025-04-18 17:00:00,285.0,4.2,31.0,0.0,76.2
2025-04-18 18:00:00,258.0,4.6,29.9,0.0,81.8
2025-04-18 19:00:00,41.0,3.8,25.6,1.0,93.1
2025-04-18 20:00:00,139.0,3.2,26.4,0.0,91.4
2025-04-18 21:00:00,93.0,1.8,27.0,0.0,86.9
2025-04-18 22:00:00,124.0,2.7,27.0,0.0,89.3
2025-04-18 23:00:00,98.0,2.0,27.6,0.0,86.1
2025-04-19 00:00:00,117.0,2.5,27.5,0.0,89.3
2025-04-19 01:00:00,64.0,3.6,27.1,0.0,93.8
2025-04-19 02:00:00,108.0,2.6,27.2,0.0,94.0
2025-04-19 03:00:00,75.0,2.6,27.2,0.0,94.3
2025-04-19 04:00:00,75.0,3.1,26.9,0.0,94.5
2025-04-19 05:00:00,97.0,1.7,27.0,0.0,94.6
2025-04-19 06:00:00,91.0,2.4,26.9,0.0,95.8
2025-04-19 07:00:00,101.0,1.4,26.9,0.0,95.4
2025-04-19 08:00:00,91.0,2.2,27.2,0.0,95.1
2025-04-19 09:00:00,71.0,2.8,28.8,0.0,87.8
2025-04-19 10:00:00,61.0,4.4,29.5,0.0,81.3
2025-04-19 11:00:00,72.0,3.9,30.9,0.0,74.6
2025-04-19 12:00:00,57.0,3.3,32.1,0.0,68.4
2025-04-19 13:00:00,90.0,2.2,32.7,0.0,64.6
2025-04-19 14:00:00,281.0,4.6,28.0,0.2,88.4
2025-04-19 15:00:00,150.0,3.6,25.3,0.0,
2025-04-19 16:00:00,137.0,1.2,27.5,0.0,88.9
2025-04-19 17:00:00,351.0,2.7,27.7,0.0,91.5
2025-04-19 18:00:00,18.0,5.4,26.9,0.4,94.0
2025-04-19 19:00:00,236.0,0.9,25.9,0.0,99.6
2025-04-19 20:00:00,52.0,1.4,26.0,0.0,97.8
2025-04-19 21:00:00,56.0,0.9,26.0,0.0,92.3
2025-04-19 22:00:00,348.0,5.4,26.1,0.0,97.4
2025-04-19 23:00:00,353.0,3.2,25.9,0.0,97.7
2025-04-20 00:00:00,18.0,2.5,26.1,0.0,97.4
2025-04-20 01:00:00,1.0,2.1,25.9,0.0,98.8
2025-04-20 02:00:00,51.0,2.5,25.9,0.0,99.4
2025-04-20 03:00:00,83.0,1.8,25.8,0.0,96.9
2025-04-20 04:00:00,117.0,1.1,26.0,0.0,95.8
2025-04-20 05:00:00,76.0,2.0,26.2,0.0,92.0
2025-04-20 06:00:00,68.0,2.3,25.8,0.0,95.7
2025-04-20 07:00:00,11.0,2.1,25.3,0.0,98.9
2025-04-20 08:00:00,349.0,5.2,25.8,0.0,94.5
2025-04-20 09:00:00,9.0,3.7,27.1,0.0,90.3
2025-04-20 10:00:00,334.0,3.9,27.8,0.0,87.5
2025-04-20 11:00:00,359.0,4.3,29.5,0.0,79.9
2025-04-20 12:00:00,353.0,4.2,29.7,0.0,74.9
2025-04-20 13:00:00,354.0,3.6,31.6,0.0,66.9
2025-04-20 14:00:00,343.0,4.2,32.0,0.0,67.1
2025-04-20 15:00:00,323.0,7.2,31.1,0.0,73.0
2025-04-20 16:00:00,306.0,4.9,31.5,0.0,72.9
2025-04-20 17:00:00,107.0,8.7,25.6,1.4,95.4
2025-04-20 18:00:00,151.0,5.2,23.7,1.4,
2025-04-20 19:00:00,125.0,2.0,24.4,0.0,
2025-04-20 20:00:00,49.0,2.3,24.9,0.0,96.9
2025-04-20 21:00:00,56.0,3.3,25.5,0.0,94.5
2025-04-20 22:00:00,77.0,1.6,25.8,0.0,94.9
2025-04-20 23:00:00,66.0,3.2,25.6,0.0,94.5
2025-04-21 00:00:00,43.0,2.2,25.7,0.0,92.1
2025-04-21 01:00:00,70.0,3.3,26.0,0.0,85.9
2025-04-21 02:00:00,65.0,3.6,25.6,0.0,88.9
2025-04-21 03:00:00,76.0,2.4,25.4,0.0,90.3
2025-04-21 04:00:00,84.0,2.4,25.6,0.0,89.6
2025-04-21 05:00:00,64.0,3.1,25.6,0.0,88.8
2025-04-21 06:00:00,60.0,2.4,25.5,0.0,89.3
2025-04-21 07:00:00,76.0,2.8,26.0,0.0,85.8
2025-04-21 08:00:00,18.0,1.8,26.5,0.0,85.6
2025-04-21 09:00:00,33.0,1.7,28.1,0.0,82.6
2025-04-21 10:00:00,93.0,3.0,29.3,0.0,78.4
2025-04-21 11:00:00,72.0,3.4,30.0,0.0,74.5
2025-04-21 12:00:00,56.0,3.6,32.1,0.0,61.8
2025-04-21 13:00:00,199.0,2.0,33.4,0.0,59.6
2025-04-21 14:00:00,246.0,3.6,31.8,0.0,68.4
2025-04-21 15:00:00,225.0,7.2,24.1,0.4,
2025-04-21 16:00:00,76.0,5.5,25.0,0.0,93.8
2025-04-21 17:00:00,99.0,5.6,25.1,0.0,92.4
2025-04-21 18:00:00,138.0,4.1,26.3,0.0,85.0
2025-04-21 19:00:00,320.0,2.5,25.9,0.0,89.6
2025-04-21 20:00:00,352.0,1.0,26.0,0.0,91.6
2025-04-21 21:00:00,74.0,1.6,25.8,0.0,95.2
2025-04-21 22:00:00,87.0,1.7,25.7,0.0,96.6
2025-04-21 23:00:00,113.0,2.0,26.0,0.0,93.8
2025-04-22 00:00:00,64.0,3.9,25.6,0.0,97.3
2025-04-22 01:00:00,65.0,3.8,26.0,0.0,91.6
2025-04-22 02:00:00,35.0,2.0,25.7,0.0,94.0
2025-04-22 03:00:00,331.0,2.9,25.3,0.0,96.2
2025-04-22 04:00:00,352.0,1.8,25.3,0.0,95.1
2025-04-22 05:00:00,51.0,1.3,25.5,0.0,94.4
2025-04-22 06:00:00,73.0,2.4,25.7,0.0,91.8
2025-04-22 07:00:00,98.0,1.1,25.7,0.0,92.5
2025-04-22 08:00:00,125.0,2.5,26.2,0.0,89.5
2025-04-22 09:00:00,138.0,1.3,27.4,0.0,87.8
2025-04-22 10:00:00,145.0,2.1,28.7,0.0,82.8
2025-04-22 11:00:00,158.0,4.0,29.6,0.0,74.4
2025-04-22 12:00:00,157.0,3.5,30.9,0.0,69.9
2025-04-22 13:00:00,346.0,4.8,29.9,0.0,78.9
2025-04-22 14:00:00,266.0,2.8,30.6,0.0,74.9
2025-04-22 15:00:00,229.0,3.4,31.7,0.0,67.2
2025-04-22 16:00:00,227.0,4.8,30.5,0.0,72.6
2025-04-22 17:00:00,199.0,5.1,30.4,0.0,73.8
2025-04-22 18:00:00,184.0,4.0,29.6,0.0,76.5
2025-04-22 19:00:00,85.0,2.1,28.2,0.0,82.8
2025-04-22 20:00:00,32.0,2.0,27.3,0.0,90.7
2025-04-22 21:00:00,59.0,2.7,27.2,0.0,91.1
2025-04-22 22:00:00,356.0,2.1,26.8,0.0,92.7
2025-04-22 23:00:00,73.0,1.8,27.2,0.0,91.3
2025-04-23 00:00:00,90.0,1.4,27.1,0.0,91.9
2025-04-23 01:00:00,51.0,2.3,26.7,0.0,93.2
2025-04-23 02:00:00,14.0,1.3,26.2,0.0,96.1
2025-04-23 03:00:00,359.0,1.9,26.3,0.0,95.3
2025-04-23 04:00:00,41.0,1.2,26.5,0.0,94.6
2025-04-23 05:00:00,59.0,1.0,26.5,0.0,94.3
2025-04-23 06:00:00,255.0,5.0,25.7,2.2,94.5
2025-04-23 07:00:00,326.0,6.2,25.3,0.0,96.2
2025-04-23 08:00:00,58.0,1.3,25.1,0.0,97.9
2025-04-23 09:00:00,16.0,1.0,26.9,0.0,91.4
2025-04-23 10:00:00,290.0,4.3,28.2,0.0,84.3
2025-04-23 11:00:00,248.0,4.7,28.3,0.0,82.5
2025-04-23 12:00:00,248.0,5.4,25.9,0.4,98.0
2025-04-23 13:00:00,249.0,3.6,26.6,0.0,95.8
2025-04-23 14:00:00,245.0,2.2,27.5,0.0,91.9
2025-04-23 15:00:00,237.0,2.7,28.4,0.0,80.8
2025-04-23 16:00:00,197.0,2.8,29.0,0.0,76.6
2025-04-23 17:00:00,196.0,2.2,29.1,0.0,76.9
2025-04-23 18:00:00,253.0,3.1,28.2,0.0,81.9
2025-04-23 19:00:00,243.0,2.7,27.8,0.0,81.7
2025-04-23 20:00:00,251.0,1.1,27.3,0.0,85.8
2025-04-23 21:00:00,199.0,2.8,27.4,0.0,86.0
2025-04-23 22:00:00,152.0,1.7,27.6,0.0,82.9
2025-04-23 23:00:00,76.0,1.5,27.4,0.0,85.4
2025-04-24 00:00:00,64.0,1.9,26.7,0.0,90.9
2025-04-24 01:00:00,20.0,1.5,26.5,0.0,92.6
2025-04-24 02:00:00,15.0,1.8,26.1,0.0,95.8
2025-04-24 03:00:00,67.0,1.6,26.1,0.0,96.4
2025-04-24 04:00:00,60.0,2.2,25.9,0.0,96.9
2025-04-24 05:00:00,40.0,1.9,25.7,0.0,97.5
2025-04-24 06:00:00,42.0,1.8,25.7,0.0,98.8
2025-04-24 07:00:00,60.0,2.0,25.9,0.0,96.6
2025-04-24 08:00:00,52.0,2.5,26.0,0.0,95.9
2025-04-24 09:00:00,0.0,1.9,27.0,0.0,94.9
2025-04-24 10:00:00,33.0,2.0,28.2,0.0,84.6
2025-04-24 11:00:00,19.0,2.1,29.5,0.0,75.5
2025-04-24 12:00:00,321.0,5.3,29.7,0.0,72.7
2025-04-24 13:00:00,320.0,4.8,30.8,0.0,72.5
2025-04-24 14:00:00,330.0,6.8,30.3,0.0,70.6
2025-04-24 15:00:00,323.0,6.8,30.6,0.0,72.0
2025-04-24 16:00:00,337.0,7.3,30.7,0.0,68.4
2025-04-24 17:00:00,327.0,3.6,30.1,0.0,66.0
2025-04-24 18:00:00,323.0,3.0,29.5,0.0,75.8
2025-04-24 19:00:00,355.0,1.8,29.0,0.0,79.2
2025-04-24 20:00:00,57.0,2.2,28.4,0.0,82.4
2025-04-24 21:00:00,81.0,2.9,28.0,0.0,85.7
2025-04-24 22:00:00,101.0,3.0,27.8,0.0,85.1
2025-04-24 23:00:00,101.0,2.2,27.5,0.0,86.2
2025-04-25 00:00:00,122.0,2.9,27.2,0.0,88.1
2025-04-25 01:00:00,120.0,2.7,27.4,0.0,87.1
2025-04-25 02:00:00,90.0,1.7,26.9,0.0,90.2
2025-04-25 03:00:00,122.0,1.7,26.9,0.0,90.6
2025-04-25 04:00:00,112.0,1.7,26.7,0.0,92.4
2025-04-25 05:00:00,93.0,1.2,26.4,0.0,93.4
2025-04-25 06:00:00,54.0,1.5,26.1,0.0,94.3
2025-04-25 07:00:00,72.0,1.6,26.2,0.0,94.1
2025-04-25 08:00:00,134.0,1.9,27.1,0.0,89.5
2025-04-25 09:00:00,121.0,3.5,28.6,0.0,84.5
2025-04-25 10:00:00,82.0,3.8,30.8,0.0,72.8
2025-04-25 11:00:00,206.0,1.9,27.0,0.0,87.3
2025-04-25 12:00:00,163.0,2.6,29.9,0.0,74.0
2025-04-25 13:00:00,323.0,2.7,32.5,0.0,60.6
2025-04-25 14:00:00,221.0,3.3,32.5,0.0,62.8
2025-04-25 15:00:00,322.0,2.5,33.4,0.0,60.6
2025-04-25 16:00:00,337.0,3.7,33.3,0.0,58.1
2025-04-25 17:00:00,2.0,3.3,32.3,0.0,66.3
2025-04-25 18:00:00,83.0,3.2,29.4,0.0,81.4
2025-04-25 19:00:00,63.0,3.3,28.2,0.0,85.6
2025-04-25 20:00:00,111.0,2.7,27.4,0.0,86.7
2025-04-25 21:00:00,108.0,3.0,27.7,0.0,83.5
2025-04-25 22:00:00,89.0,2.5,27.7,0.0,84.2
2025-04-25 23:00:00,114.0,4.2,27.7,0.0,87.9
2025-04-26 00:00:00,156.0,4.0,28.2,0.0,87.0
2025-04-26 01:00:00,168.0,3.5,28.3,0.0,85.9
2025-04-26 02:00:00,71.0,3.7,27.2,0.0,92.6
2025-04-26 03:00:00,127.0,2.3,27.6,0.0,90.5
2025-04-26 04:00:00,73.0,3.2,26.7,0.0,96.0
2025-04-26 05:00:00,73.0,3.0,26.3,0.0,96.2
2025-04-26 06:00:00,67.0,3.4,25.9,0.0,95.1
2025-04-26 07:00:00,76.0,1.8,26.2,0.0,93.1
2025-04-26 08:00:00,139.0,1.6,27.5,0.0,87.0
2025-04-26 09:00:00,126.0,3.8,28.1,0.0,84.3
2025-04-26 10:00:00,133.0,4.0,30.0,0.0,77.8
2025-04-26 11:00:00,164.0,3.9,31.2,0.0,70.1
2025-04-26 12:00:00,187.0,6.4,30.8,0.0,69.9
2025-04-26 13:00:00,251.0,7.6,28.8,0.0,82.2
2025-04-26 14:00:00,228.0,4.7,28.8,0.0,81.7
2025-04-26 15:00:00,40.0,2.8,27.5,0.0,91.6
2025-04-26 16:00:00,18.0,2.7,26.4,0.0,96.8
2025-04-26 17:00:00,67.0,4.9,25.6,0.0,96.5
2025-04-26 18:00:00,80.0,2.5,25.8,0.0,94.9
2025-04-26 19:00:00,129.0,1.7,25.9,0.2,96.3
2025-04-26 20:00:00,49.0,2.4,25.2,0.0,98.0
2025-04-26 21:00:00,132.0,2.2,25.7,0.0,95.3
2025-04-26 22:00:00,80.0,0.7,26.1,0.0,94.8
2025-04-26 23:00:00,30.0,2.0,25.5,0.0,98.3
